product_name,sales,quantity,profit,avg_discount,avg_ship_days,orders,growth,margin,stability_score
"""While you Were Out"" Message Book, One Form per Page",25.22,8,10.39,0.13333333333333333,4.333333333333333,3,0.0,0.41197462331482954,4.540540540540539
"#10 Gummed Flap White Envelopes, 100/Box",41.3,11,16.77,0.1,5.75,4,-60.01,0.4060532687651332,48.54054054054055
#10 Self-Seal White Envelopes,108.68,10,52.120000000000005,0.05,4.25,4,-74.36,0.479573058520427,16.216216216216218
"#10 White Business Envelopes,4 1/8 x 9 1/2",488.90999999999997,32,223.12,0.05714285714285715,4.285714285714286,7,-64.0,0.4563621116360885,69.35135135135135
"#10- 4 1/8"" x 9 1/2"" Recycled Envelopes",286.67,37,115.3,0.08,4.6,10,0.0,0.4022046255276101,68.91891891891892
"#10- 4 1/8"" x 9 1/2"" Security-Tint Envelopes",146.69,21,64.86,0.07500000000000001,3.5,8,340.01,0.4421569295793851,32.05405405405405
"#10-4 1/8"" x 9 1/2"" Premium Diagonal Seam Envelopes",176.29,13,63.75,0.1,4.5,2,0.0,0.36162005785920925,28.540540540540537
#6 3/4 Gummed Flap White Envelopes,71.28,9,24.94,0.2,4.25,4,0.0,0.3498877665544332,26.864864864864867
"1.7 Cubic Foot Compact ""Cube"" Office Refrigerators",2706.08,14,578.6800000000001,0.06666666666666667,4.166666666666667,6,-26.67,0.2138443800626737,67.89189189189189
"1/4 Fold Party Design Invitations & White Envelopes, 24 8-1/2"" X 11"" Cards, 25 Env./Pack",49.980000000000004,7,22.71,0.1,2.5,2,0.0,0.4543817527010804,11.16216216216216
12 Colored Short Pencils,18.2,8,3.02,0.13333333333333333,3.0,3,87.5,0.16593406593406596,73.51351351351352
12-1/2 Diameter Round Wall Clock,551.46,36,91.10000000000001,0.27499999999999997,3.5,8,128.57,0.1651978384651652,85.35135135135134
14-7/8 x 11 Blue Bar Computer Printout Paper,422.76,10,172.94,0.1,3.75,4,240.01,0.4090737061216766,17.891891891891888
2300 Heavy-Duty Transfer File Systems by Perma,344.72,16,20.98,0.1,3.5,4,0.0,0.06086098862845207,52.486486486486484
"24 Capacity Maxi Data Binder Racks, Pearl",3537.24,19,536.89,0.1,3.25,4,40.0,0.15178218045707953,58.75675675675676
24-Hour Round Wall Clock,487.51,27,180.01999999999998,0.06666666666666667,3.3333333333333335,6,-53.12,0.36926422022112365,95.67567567567568
3-ring staple pack,42.11,26,16.69,0.10000000000000002,2.6666666666666665,6,-14.34,0.396342911422465,92.75675675675676
3.6 Cubic Foot Counter Height Office Refrigerator,2946.1899999999996,18,-872.0699999999999,0.52,3.8,5,4500.31,-0.2959992396960142,9.891891891891891
36X48 HARDFLOOR CHAIRMAT,369.25,21,-40.49,0.2333333333333333,4.833333333333333,6,-26.09,-0.10965470548408937,51.189189189189186
"3D Systems Cube Printer, 2nd Generation, Magenta",14299.89,11,3717.9700000000003,0.0,4.0,2,-42.86,0.259999902097149,29.02702702702703
"3D Systems Cube Printer, 2nd Generation, White",2339.98,3,-468.0,0.35,4.0,2,0.0,-0.20000170941631978,36.75675675675676
3M Hangers With Command Adhesive,108.03999999999999,33,36.0,0.15,5.125,8,27.78,0.33320992225101814,99.4054054054054
3M Office Air Cleaner,259.8,10,90.93,0.0,6.0,2,0.0,0.35000000000000003,32.7027027027027
3M Organizer Strips,83.16,26,10.16,0.3857142857142857,3.857142857142857,7,0.0,0.12217412217412219,19.945945945945944
3M Polarizing Light Filter Sleeves,216.34,14,75.35,0.2,4.0,4,0.0,0.3482943514837755,10.486486486486491
"3M Polarizing Task Lamp with Clamp Arm, Light Gray",2191.68,16,569.84,0.0,3.75,4,300.0,0.2600014600671631,56.32432432432432
3M Replacement Filter for Office Air Cleaner for 20' x 33' Room,303.36,14,-20.47,0.25,5.5,4,0.0,-0.06747758438818564,30.054054054054056
4009 Highlighters,8.04,6,2.73,0.0,4.0,1,0.0,0.3395522388059702,4.540540540540539
4009 Highlighters by Sanford,171.14,44,53.81,0.05,4.0,8,90.68,0.31442094191889686,92.16216216216216
50 Colored Long Pencils,138.18,14,32.910000000000004,0.04,5.0,5,-46.65,0.23816760746851934,88.10810810810811
"6"" Cubicle Wall Clock, Black",124.59,19,26.22,0.2,1.5,4,-49.02,0.21045027690825907,27.297297297297295
9-3/4 Diameter Round Wall Clock,455.07,34,183.14,0.05,4.125,8,50.0,0.4024435801085547,83.08108108108108
"ACCOHIDE 3-Ring Binder, Blue, 1""",147.03,44,50.71,0.16153846153846155,2.923076923076923,13,19.2,0.34489559953750937,94.8108108108108
ACCOHIDE Binder by Acco,65.25,21,19.29,0.22499999999999998,4.25,4,455.85,0.29563218390804596,43.2972972972973
APC 7 Outlet Network SurgeArrest Surge Protector,1207.19,20,80.48000000000002,0.225,4.0,8,105.26,0.06666721891334422,66.21621621621621
ARKON Windshield Dashboard Air Vent Car Mount Holder,216.95999999999998,14,-15.58,0.1,4.75,4,66.67,-0.07181047197640118,97.94594594594595
AT&T 1070 Corded Phone,1070.3,12,133.78,0.20000000000000004,6.0,3,0.0,0.12499299261889191,34.75675675675676
AT&T 1080 Corded phone,1945.26,18,145.22,0.2,4.285714285714286,7,0.0,0.07465325971849521,78.27027027027027
AT&T 1080 Phone,1589.08,13,271.24,0.13333333333333333,3.6666666666666665,3,0.0,0.17068995896997005,39.78378378378379
AT&T 17929 Lendline Telephone,1339.1100000000001,35,167.37,0.14,4.6,10,-82.76,0.12498599816295897,78.43243243243244
AT&T 841000 Phone,1614.6,28,165.6,0.17142857142857146,4.142857142857143,7,27.91,0.10256410256410256,67.45945945945945
AT&T CL2909,755.95,8,50.39999999999999,0.26666666666666666,4.333333333333333,3,0.0,0.06667107612937362,15.972972972972975
AT&T CL82213,481.23,17,131.33,0.04,4.0,5,0.0,0.27290484799368286,66.97297297297298
AT&T CL83451 4-Handset Telephone,1936.3,10,473.78,0.1,4.0,4,-57.58,0.24468315860145637,23.459459459459463
AT&T EL51110 DECT,377.97,3,109.61,0.0,6.0,1,0.0,0.28999656057359047,8.594594594594597
AT&T SB67148 SynJ,475.11999999999995,8,89.74999999999999,0.13333333333333333,4.333333333333333,3,-60.0,0.1888996464051187,56.21621621621622
AT&T TR1909W,1738.67,15,340.18,0.1,4.75,4,0.0,0.19565529974060633,14.162162162162161
Aastra 57i VoIP phone,3684.72,26,575.33,0.14285714285714285,3.5714285714285716,7,120.83,0.1561394081504158,78.32432432432432
Aastra 6757i CT Wireless VoIP phone,2929.98,16,482.59000000000003,0.16666666666666666,4.333333333333333,6,0.0,0.1647076089256582,33.945945945945944
Acco 3-Hole Punch,137.54,36,55.53,0.23333333333333334,2.6666666666666665,9,2931.18,0.4037370946633707,48.0
Acco 6 Outlet Guardian Basic Surge Suppressor,38.27,7,-3.66,0.4,3.0,2,0.0,-0.09563626861771622,9.081081081081077
Acco 6 Outlet Guardian Premium Plus Surge Suppressor,289.45,31,-113.78,0.4000000000000001,3.5,6,193.32,-0.3930903437553982,55.24324324324324
Acco 6 Outlet Guardian Premium Surge Suppressor,432.43,35,60.43,0.1625,3.625,8,-30.55,0.139745161066531,94.7027027027027
Acco 6 Outlet Guardian Standard Surge Suppressor,149.92000000000002,15,22.96,0.2,3.6,5,0.0,0.15314834578441835,48.91891891891892
"Acco 7-Outlet Masterpiece Power Center, Wihtout Fax/Phone Line Protection",3039.5,31,401.21999999999997,0.2857142857142857,4.428571428571429,7,334.78,0.13200197400888303,16.324324324324323
"Acco Banker's Clasps, 5 3/4""-Long",40.89,15,17.990000000000002,0.08,3.4,5,776.52,0.4399608706285156,73.08108108108108
"Acco Clips to Go Binder Clips, 24 Clips in Two Sizes",66.03,19,30.29,0.04,4.0,5,-60.0,0.4587308799030743,67.51351351351352
Acco D-Ring Binder w/DublLock,235.18,31,-102.84,0.6222222222222222,4.555555555555555,9,0.0,-0.4372820818096777,68.64864864864865
"Acco Data Flex Cable Posts For Top & Bottom Load Binders, 6"" Capacity",287.87,39,64.14,0.29,3.9,10,62.52,0.22280890679820753,88.97297297297297
Acco Economy Flexible Poly Round Ring Binder,11.48,6,-5.75,0.6,3.5,4,-25.12,-0.5008710801393728,79.51351351351352
Acco Expandable Hanging Binders,38.92,11,1.0300000000000002,0.35,4.0,4,-39.97,0.026464542651593016,95.1891891891892
"Acco Flexible ACCOHIDE Square Ring Data Binder, Dark Blue, 11 1/2"" X 14"" 7/8""",409.99,36,111.28,0.29,3.7,10,134.99,0.27142125417693114,90.5945945945946
"Acco Four Pocket Poly Ring Binder with Label Holder, Smoke, 1""",122.18,28,7.450000000000001,0.4000000000000001,4.833333333333333,6,60.0,0.06097560975609757,90.48648648648648
Acco Glide Clips,19.6,5,9.6,0.0,4.0,1,0.0,0.48979591836734687,4.540540540540539
Acco Hanging Data Binders,41.92,17,8.22,0.32857142857142857,4.428571428571429,7,0.0,0.19608778625954199,41.94594594594595
Acco Hot Clips Clips to Go,67.12,23,25.490000000000002,0.13333333333333333,3.3333333333333335,6,-65.57,0.37976758045292014,49.4054054054054
"Acco PRESSTEX Data Binder with Storage Hooks, Dark Blue, 14 7/8"" X 11""",175.38,37,73.86,0.1142857142857143,3.5714285714285716,7,-27.09,0.4211426616489908,97.83783783783784
"Acco PRESSTEX Data Binder with Storage Hooks, Dark Blue, 9 1/2"" X 11""",62.95,23,-0.16000000000000014,0.55,3.5,4,-43.79,-0.0025416997617156495,38.810810810810814
"Acco PRESSTEX Data Binder with Storage Hooks, Light Blue, 9 1/2"" X 11""",67.25,17,19.69,0.26,4.4,5,78.05,0.29278810408921935,85.67567567567568
Acco Perma 2700 Stacking Storage Drawers,208.18,8,5.95,0.1,4.0,4,33.33,0.028581035642232685,35.56756756756757
Acco Perma 3000 Stacking Storage Drawers,373.44,21,16.57,0.13333333333333333,4.0,6,0.0,0.04437125107112254,38.972972972972975
Acco Perma 4000 Stacking Storage Drawers,457.96999999999997,31,30.04,0.09090909090909091,4.0,11,-88.37,0.06559381618883334,51.13513513513514
"Acco Pressboard Covers with Storage Hooks, 14 7/8"" x 11"", Dark Blue",59.83,24,13.18,0.3,4.2,5,680.82,0.22029082400133712,17.45945945945946
"Acco Pressboard Covers with Storage Hooks, 14 7/8"" x 11"", Executive Red",63.64,37,-13.909999999999998,0.5625,4.75,8,121.13,-0.21857322438717786,94.37837837837839
"Acco Pressboard Covers with Storage Hooks, 14 7/8"" x 11"", Light Blue",131.1,45,18.44,0.4636363636363636,4.181818181818182,11,-73.9,0.14065598779557592,41.2972972972973
"Acco Pressboard Covers with Storage Hooks, 9 1/2"" x 11"", Executive Red",91.44,28,34.9,0.15555555555555556,4.777777777777778,9,125.02,0.38167104111986,95.83783783783784
"Acco Recycled 2"" Capacity Laser Printer Hanging Data Binders",85.26,10,8.669999999999998,0.475,4.5,4,127.8,0.101688951442646,24.0
Acco Side-Punched Conventional Columnar Pads,41.64,15,-7.800000000000001,0.2,5.0,4,0.0,-0.1873198847262248,11.621621621621625
"Acco Six-Outlet Power Strip, 4' Cord Length",343.08,41,81.54,0.022222222222222223,3.7777777777777777,9,-8.33,0.23767051416579227,95.94594594594594
Acco Smartsocket Color-Coded Six-Outlet AC Adapter Model Surge Protectors,448.90999999999997,14,-7.049999999999994,0.30000000000000004,3.5,4,566.57,-0.015704706956851024,62.810810810810814
"Acco Smartsocket Table Surge Protector, 6 Color-Coded Adapter Outlets",452.97,8,105.47999999999999,0.10000000000000002,4.666666666666667,3,0.0,0.23286310351678915,73.40540540540542
Acco Suede Grain Vinyl Round Ring Binder,38.64,29,-4.88,0.5375,2.625,8,233.16,-0.12629399585921325,44.270270270270274
Acco Translucent Poly Ring Binders,91.72,31,16.28,0.3125,3.75,8,22.23,0.1774967291757523,70.5945945945946
Accohide Poly Flexible Ring Binders,43.75,34,-19.830000000000002,0.5375,2.875,8,283.07,-0.4532571428571429,71.0810810810811
"Acme 10"" Easy Grip Assistive Scissors",448.77,26,129.74,0.025,4.625,8,261.1,0.289101321389576,57.567567567567565
Acme Box Cutter Scissors,306.9,31,72.23,0.03333333333333333,4.166666666666667,6,-50.0,0.23535353535353537,61.51351351351351
"Acme Design Line 8"" Stainless Steel Bent Scissors w/Champagne Handles, 3-1/8"" Cut",45.14,7,10.2,0.06666666666666667,5.0,3,0.0,0.2259636685866194,47.78378378378378
Acme Design Stainless Steel Bent Scissors,88.92,13,24.0,0.0,3.6666666666666665,3,0.0,0.2699055330634278,12.702702702702705
Acme Elite Stainless Steel Scissors,95.07,12,21.02,0.08,4.6,5,262.59,0.22110024192700117,57.45945945945946
Acme Forged Steel Scissors with Black Enamel Handles,279.3,32,67.78,0.05,4.0,8,-49.47,0.24267812388113139,42.32432432432432
Acme Galleria Hot Forged Steel Scissors with Colored Handles,195.05,13,49.87,0.06666666666666667,4.0,3,0.0,0.25567803127403227,18.648648648648646
"Acme Hot Forged Carbon Steel Scissors with Nickel-Plated Handles, 3 7/8"" Cut, 8""L",458.7,36,103.39999999999999,0.08571428571428573,4.857142857142857,7,140.0,0.22541966426858512,75.72972972972974
Acme Kleen Earth Office Shears,44.23,12,11.18,0.08,4.4,5,-19.97,0.2527696133845806,33.18918918918919
Acme Kleencut Forged Steel Scissors,35.58,7,7.470000000000001,0.13333333333333333,4.0,3,0.0,0.20994940978077575,19.999999999999996
Acme Office Executive Series Stainless Steel Trimmers,159.4,21,26.22,0.08571428571428573,4.571428571428571,7,-42.86,0.1644918444165621,72.91891891891892
Acme Preferred Stainless Steel Scissors,90.88,16,26.36,0.0,3.0,4,66.67,0.29005281690140844,30.243243243243246
Acme Rosewood Handle Letter Opener,43.67,12,-3.49,0.06666666666666667,4.333333333333333,3,0.0,-0.07991756354476758,79.62162162162161
Acme Serrated Blade Letter Opener,13.99,5,-1.75,0.1,4.5,2,0.0,-0.12508934953538242,38.21621621621622
Acme Softgrip Scissors,166.05,23,33.13,0.1,4.25,4,-54.72,0.19951821740439626,62.70270270270271
Acme Stainless Steel Office Snips,81.42,13,12.43,0.1,3.25,4,87.53,0.15266519282731514,49.13513513513513
Acme Tagit Stainless Steel Antibacterial Scissors,196.01999999999998,22,37.019999999999996,0.10000000000000002,2.8333333333333335,6,72.0,0.18885827976737068,74.64864864864865
Acme Titanium Bonded Scissors,102.0,13,20.23,0.08,2.8,5,0.0,0.19833333333333333,76.97297297297297
Acme Value Line Scissors,76.64999999999999,22,20.419999999999998,0.06000000000000001,3.8,10,-73.68,0.26640574037834314,87.83783783783784
Acrylic Self-Standing Desk Frames,93.97999999999999,37,32.73,0.07500000000000001,4.375,8,-11.45,0.34826558842306876,86.43243243243244
"Adams ""While You Were Out"" Message Pads",72.85,24,31.39,0.04,3.4,5,0.0,0.430885380919698,54.10810810810811
"Adams Phone Message Book, 200 Message Capacity, 8 1/16” x 11”",227.04,33,104.42999999999999,0.0,3.875,8,-7.14,0.4599630021141649,67.67567567567568
"Adams Phone Message Book, Professional, 400 Message Capacity, 5 3/6” x 11”",94.93,14,43.14,0.06666666666666667,4.666666666666667,3,0.0,0.45444011376803956,40.0
"Adams Telephone Message Book W/Dividers/Space For Phone Numbers, 5 1/4""X8 1/2"", 200/Messages",172.67,32,72.7,0.028571428571428574,4.285714285714286,7,177.14,0.42103434296635206,43.4054054054054
"Adams Telephone Message Book W/Dividers/Space For Phone Numbers, 5 1/4""X8 1/2"", 300/Messages",132.89,24,60.9,0.04,4.0,10,50.0,0.4582737602528407,88.37837837837837
"Adams Telephone Message Book w/Frequently-Called Numbers Space, 400 Messages per Book",223.44,28,111.72,0.0,4.857142857142857,7,0.0,0.5,57.78378378378378
"Adams Telephone Message Books, 5 1/4” x 11”",80.93,15,32.91,0.16,5.0,5,0.0,0.40664772025206963,31.675675675675674
"Adams Write n' Stick Phone Message Book, 11"" X 5 1/4"", 200 Messages",40.9,8,16.37,0.06666666666666667,4.333333333333333,3,0.0,0.4002444987775062,37.24324324324324
Adjustable Depth Letter/Legal Cart,7185.81,42,1774.67,0.07272727272727274,3.5454545454545454,11,1140.0,0.24696867854841695,43.99999999999999
Adjustable Personal File Tote,270.25,18,53.4,0.08,4.0,5,0.0,0.19759481961147085,27.243243243243242
Adtran 1202752G1,1990.65,18,312.46,0.16,3.8,5,-16.67,0.15696380579207794,73.83783783783784
"Advantus 10-Drawer Portable Organizer, Chrome Metal Frame, Smoke Drawers",1051.78,18,277.28000000000003,0.05,3.0,4,0.0,0.26362927608435227,32.16216216216217
"Advantus Employee of the Month Certificate Frame, 11 x 13-1/2",822.74,28,311.78000000000003,0.04,3.6,5,50.0,0.37895325376182026,72.48648648648648
Advantus Map Pennant Flags and Round Head Tacks,87.69,25,20.549999999999997,0.06666666666666667,2.0,6,-82.14,0.23434827232295585,73.2972972972973
Advantus Motivational Note Cards,227.94,20,94.33,0.12000000000000002,4.4,5,0.0,0.4138369746424498,13.945945945945947
Advantus Panel Wall Acrylic Frame,87.52,20,25.150000000000002,0.2,3.4,5,-85.46,0.2873628884826326,30.810810810810807
Advantus Panel Wall Certificate Holder - 8.5x11,270.84,23,108.1,0.06666666666666667,3.6666666666666665,6,-26.67,0.3991286368335549,87.45945945945945
Advantus Plastic Paper Clips,225.0,47,102.8,0.06000000000000001,5.0,10,88.0,0.4568888888888889,88.5945945945946
Advantus Push Pins,54.940000000000005,27,20.22,0.05714285714285715,4.428571428571429,7,-87.66,0.3680378594830724,46.216216216216225
"Advantus Push Pins, Aluminum Head",139.44,24,43.230000000000004,0.0,4.4,5,-25.0,0.31002581755593805,58.37837837837838
Advantus Rolling Drawer Organizers,1115.92,31,233.18,0.10000000000000002,4.166666666666667,6,-66.66,0.20895763137142448,41.351351351351354
Advantus Rolling Storage Box,428.75,27,90.71000000000001,0.08,3.9,10,-12.5,0.21156851311953354,95.72972972972973
Advantus SlideClip Paper Clips,46.38,15,19.77,0.06666666666666667,3.3333333333333335,3,0.0,0.426261319534282,0.432432432432428
Advantus T-Pin Paper Clips,64.03999999999999,16,20.02,0.12000000000000002,4.2,5,174.79,0.3126171143035603,93.45945945945945
Airmail Envelopes,1359.67,19,514.48,0.13333333333333333,4.5,6,-30.43,0.3783859318805298,92.0
Akro Stacking Bins,91.52000000000001,13,-6.930000000000001,0.10000000000000002,5.0,6,-75.01,-0.07572115384615384,53.24324324324324
Akro-Mils 12-Gallon Tote,113.19999999999999,13,21.55,0.1,4.75,4,-25.0,0.19037102473498235,97.2972972972973
"Alliance Big Bands Rubber Bands, 12/Pack",29.7,15,0.0,0.0,3.75,4,0.0,0.0,39.13513513513514
Alliance Rubber Bands,13.440000000000001,8,0.54,0.0,6.5,2,0.0,0.040178571428571425,30.243243243243246
"Alliance Super-Size Bands, Assorted Sizes",197.61,27,-10.36,0.05,4.5,4,0.0,-0.052426496634785685,33.729729729729726
Alphabetical Labels for Top Tab Filing,518.0,37,244.2,0.06666666666666668,5.222222222222222,9,-30.0,0.4714285714285714,75.29729729729729
Aluminum Document Frame,244.4,22,56.22,0.08,4.4,5,-79.31,0.23003273322422257,48.86486486486486
Aluminum Screw Posts,354.02,41,41.19,0.43636363636363634,3.1818181818181817,11,191.67,0.11634935879328852,46.5945945945946
AmazonBasics 3-Button USB Wired Mouse,88.08,14,32.29,0.08,4.4,5,-19.98,0.3665985467756585,53.4054054054054
American Pencil,48.93,21,14.19,0.0,4.5,6,40.0,0.29000613120784796,98.5945945945946
Ames Color-File Green Diamond Border X-ray Mailers,1360.48,18,559.3,0.05,4.75,4,-71.43,0.41110490415147594,58.270270270270274
Ampad #10 Peel & Seel Holiday Envelopes,53.760000000000005,12,25.8,0.0,5.333333333333333,3,-80.0,0.47991071428571425,13.540540540540535
"Ampad Evidence Wirebond Steno Books, 6"" x 9""",27.47,14,11.29,0.1,4.5,4,-20.0,0.4109938114306516,90.16216216216216
"Ampad Gold Fibre Wirebound Steno Books, 6"" x 9"", Gregg Ruled",106.72,25,47.19,0.05,3.625,8,-1.96,0.44218515742128933,65.99999999999999
"Ampad Phone Message Book, Recycled, 400 Message Capacity, 5 ¾” x 11”",124.8,20,56.17,0.0,3.2,5,600.0,0.4500801282051282,28.59459459459459
"Ampad Poly Cover Wirebound Steno Book, 6"" x 9"" Assorted Colors, Gregg Ruled",38.14,9,15.66,0.05,4.25,4,-50.0,0.4105925537493445,42.648648648648646
Anderson Hickey Conga Table Tops & Accessories,51.78,5,-17.51,0.30000000000000004,2.5,2,0.0,-0.3381614522981847,39.2972972972973
"Angle-D Binders with Locking Rings, Label Holders",197.82999999999998,42,35.32,0.32999999999999996,3.2,10,119.05,0.17853712783703182,97.08108108108108
Angle-D Ring Binders,39.38,14,-1.9700000000000006,0.5333333333333333,4.166666666666667,6,750.61,-0.05002539360081261,29.83783783783783
Anker 24W Portable Micro USB Car Charger,61.55,8,14.07,0.30000000000000004,5.5,2,0.0,0.22859463850528028,35.72972972972973
Anker 36W 4-Port USB Wall Charger Travel Power Adapter for iPhone 5s 5c 5,339.84,22,23.2,0.23333333333333336,2.8333333333333335,6,80.77,0.06826741996233522,53.45945945945946
Anker Astro 15000mAh USB Portable Charger,599.88,13,-23.99,0.08,3.8,5,-69.57,-0.03999133159965326,18.270270270270274
Anker Astro Mini 3000mAh Ultra-Compact Portable Charger,147.92,9,-31.990000000000002,0.2,5.75,4,-42.86,-0.21626554894537592,72.97297297297297
Anker Ultra-Slim Mini Bluetooth 3.0 Wireless Keyboard,499.75,26,99.55000000000001,0.08,4.0,5,87.52,0.19919959979989998,15.729729729729724
Anker Ultrathin Bluetooth Wireless Keyboard Aluminum Cover with Stand,491.84,17,32.98,0.05,5.25,4,0.0,0.06705432661027977,9.513513513513516
Apple EarPods with Remote and Mic,251.91,10,50.38,0.1,1.75,4,-50.0,0.1999920606565837,71.62162162162163
Apple iPhone 5,12996.6,24,1611.58,0.20000000000000004,3.5,6,-52.5,0.12400012310912084,69.4054054054054
Apple iPhone 5C,1339.87,15,229.98,0.15000000000000002,5.5,4,0.0,0.17164351765469785,59.83783783783784
Apple iPhone 5S,4901.91,11,512.99,0.2,3.75,4,0.0,0.10465104418481776,19.783783783783782
Array Memo Cubes,54.91,11,25.84,0.06666666666666667,4.666666666666667,3,30.42,0.4705882352941177,36.108108108108105
"Array Parchment Paper, Assorted Colors",106.28999999999999,15,49.51,0.05,4.0,4,0.0,0.46580111017028886,11.945945945945946
Artistic Insta-Plaque,156.8,10,61.160000000000004,0.0,3.6666666666666665,3,33.33,0.39005102040816325,78.86486486486486
Assorted Color Push Pins,34.4,21,8.92,0.1,4.75,8,80.11,0.2593023255813954,49.08108108108108
Astroparche Fine Business Paper,144.67000000000002,29,65.05,0.06666666666666667,4.0,6,105.91,0.44964401741895343,71.35135135135135
"Ativa D5772 2-Line 5.8GHz Digital Expandable Corded/Cordless Phone System with Answering & Caller ID/Call Waiting, Black/Silver",1979.88,12,593.96,0.0,4.75,4,0.0,0.2999979796755359,19.189189189189193
Ativa MDM8000 8-Sheet Micro-Cut Shredder,917.9,11,393.26,0.1,6.0,2,0.0,0.42843446998583723,24.5945945945946
Ativa V4110MDD Micro-Cut Shredder,7699.89,11,3772.95,0.0,2.0,2,0.0,0.4900005065007422,29.02702702702703
"Atlantic Metals Mobile 2-Shelf Bookcases, Custom Colors",400.02000000000004,3,-113.25999999999999,0.51,4.0,2,353.35,-0.2831358432078396,14.756756756756761
"Atlantic Metals Mobile 3-Shelf Bookcases, Custom Colors",7539.71,35,780.3199999999999,0.18375,3.125,8,-70.0,0.10349469674563079,68.43243243243244
"Atlantic Metals Mobile 4-Shelf Bookcases, Custom Colors",5184.09,27,-126.44000000000003,0.26666666666666666,3.1666666666666665,6,150.0,-0.02439000866111507,91.45945945945945
"Atlantic Metals Mobile 5-Shelf Bookcases, Custom Colors",5492.88,26,15.040000000000013,0.31625,4.0,8,-17.59,0.002738090036556417,81.1891891891892
Avanti 1.7 Cu. Ft. Refrigerator,2221.56,24,476.63,0.1,3.5,4,114.29,0.21454743513567043,24.91891891891892
Avanti 4.4 Cu. Ft. Refrigerator,3511.01,24,383.66999999999996,0.14285714285714285,3.4285714285714284,7,0.0,0.10927624814512062,48.75675675675676
Avaya 4621SW VoIP phone,709.92,12,79.88,0.2,3.75,4,0.0,0.11251972053189092,19.351351351351354
Avaya 5410 Digital phone,625.5,13,-10.880000000000003,0.30000000000000004,3.5,4,-75.68,-0.017394084732214234,15.67567567567567
Avaya 5420 Digital phone,1538.8899999999999,12,323.98,0.06666666666666667,4.0,3,-37.14,0.21052836784955392,31.405405405405407
Avaya IP Phone 1140E VoIP phone,1394.95,5,362.69,0.0,2.0,1,0.0,0.2600021506147174,0.432432432432428
"Avery 05222 Permanent Self-Adhesive File Folder Labels for Typewriters, on Rolls, White, 250/Roll",20.65,5,9.5,0.0,3.5,2,0.0,0.4600484261501211,32.486486486486484
"Avery 3 1/2"" Diskette Storage Pages, 10/Pack",137.81,27,-14.420000000000002,0.3833333333333333,3.8333333333333335,6,-39.99,-0.10463681880850448,94.27027027027027
"Avery 4027 File Folder Labels for Dot Matrix Printers, 5000 Labels per Box, White",1233.41,43,524.52,0.09090909090909091,3.5454545454545454,11,150.0,0.42526005140221007,63.027027027027025
Avery 473,248.4,24,119.25,0.0,4.833333333333333,6,40.0,0.4800724637681159,34.67567567567568
Avery 474,78.34,30,34.269999999999996,0.1111111111111111,4.555555555555555,9,460.07,0.4374521317334694,49.027027027027025
Avery 475,266.4,18,133.2,0.0,5.25,4,300.0,0.5,41.0
Avery 476,137.11,37,54.6,0.08,4.4,10,-30.0,0.3982204069725038,86.21621621621621
Avery 477,573.96,20,244.24,0.05,3.5,4,0.0,0.4255348804794759,68.97297297297298
Avery 478,88.38,18,43.309999999999995,0.0,3.25,4,700.0,0.49004299615297575,10.783783783783784
Avery 479,16.7,7,6.84,0.06666666666666667,6.0,3,0.0,0.4095808383233533,62.972972972972975
Avery 48,90.72,15,39.68,0.06666666666666667,3.3333333333333335,3,0.0,0.43738977072310403,16.540540540540537
Avery 480,89.25,24,42.45,0.03333333333333333,4.333333333333333,6,775.0,0.47563025210084037,42.432432432432435
Avery 481,91.17,30,43.120000000000005,0.04,4.2,5,-26.15,0.47296259734561813,73.24324324324326
Avery 482,11.56,4,5.430000000000001,0.0,4.5,2,0.0,0.4697231833910035,19.45945945945946
Avery 483,83.67,19,32.56,0.10000000000000002,3.6666666666666665,6,-7.14,0.3891478427154297,96.5945945945946
Avery 484,9.22,4,3.34,0.2,6.0,1,0.0,0.3622559652928416,4.540540540540539
Avery 485,639.03,51,300.33,0.0,4.25,8,0.0,0.4699779353082015,56.78378378378378
Avery 486,168.13,24,75.16,0.044444444444444446,4.222222222222222,9,-55.0,0.44703503241539283,62.378378378378386
Avery 487,84.87,25,35.97,0.05714285714285715,3.142857142857143,7,-90.0,0.42382467302933896,11.783783783783786
Avery 488,51.03,17,23.17,0.06666666666666667,5.666666666666667,6,0.0,0.4540466392318244,61.35135135135135
Avery 489,159.39,16,73.27,0.04,4.2,5,0.0,0.4596900683857206,63.45945945945945
Avery 49,66.82,24,31.560000000000002,0.03333333333333333,5.0,6,-53.95,0.47231367853935957,31.837837837837835
Avery 490,177.6,13,81.4,0.08,3.2,5,275.0,0.45833333333333337,86.91891891891892
Avery 491,45.43000000000001,12,18.67,0.13333333333333333,4.666666666666667,3,0.0,0.4109619194364957,29.02702702702703
Avery 492,53.57,20,22.46,0.08,3.4,5,0.0,0.4192645137203659,15.567567567567565
Avery 493,55.97,13,23.43,0.1,2.5,4,-78.72,0.4186171163123102,14.378378378378375
Avery 494,56.37,23,23.96,0.10000000000000002,4.0,6,-61.31,0.4250487848146177,93.08108108108108
Avery 495,97.02,16,42.58,0.05,4.75,4,166.67,0.4388785817357246,61.13513513513513
Avery 496,50.25,14,22.950000000000003,0.1,3.25,4,-23.68,0.4567164179104478,36.0
Avery 497,24.02,8,11.209999999999999,0.1,3.0,2,0.0,0.4666944213155703,10.432432432432437
Avery 498,35.260000000000005,13,15.350000000000001,0.06666666666666667,5.0,3,181.19,0.4353374929098128,20.21621621621622
Avery 499,176.29,40,68.71,0.10909090909090911,4.818181818181818,11,0.0,0.3897555164785297,85.45945945945945
Avery 5,5.76,2,2.82,0.0,2.0,1,0.0,0.4895833333333333,0.432432432432428
Avery 50,235.56,20,102.75,0.04,3.6,5,-78.26,0.4361946001018849,24.054054054054053
Avery 500,58.48,8,27.48,0.0,5.0,2,0.0,0.4699042407660739,19.189189189189193
Avery 501,66.41,22,23.400000000000002,0.17500000000000002,3.125,8,0.0,0.35235657280530047,73.1891891891892
Avery 502,17.64,7,6.17,0.20000000000000004,4.0,3,-60.0,0.34977324263038545,22.567567567567572
Avery 503,155.25,15,74.51,0.0,3.5,4,-20.0,0.4799355877616748,78.16216216216216
Avery 505,372.96000000000004,28,165.76000000000002,0.1142857142857143,4.142857142857143,7,0.0,0.4444444444444445,33.89189189189189
Avery 506,66.08,17,28.17,0.06666666666666667,2.3333333333333335,3,0.0,0.42630145278450365,74.32432432432432
Avery 507,24.189999999999998,10,8.64,0.1,5.5,2,0.0,0.3571723852831749,4.540540540540539
Avery 508,87.39,19,39.82,0.06666666666666667,5.0,6,-77.78,0.455658542167296,76.0
Avery 509,32.36,13,14.04,0.05,3.0,4,25.08,0.4338689740420272,80.64864864864865
Avery 51,95.75999999999999,16,41.31,0.04,3.0,5,0.0,0.4313909774436091,70.43243243243244
Avery 510,21.75,7,8.100000000000001,0.13333333333333333,3.3333333333333335,3,0.0,0.37241379310344835,37.513513513513516
Avery 511,56.68,20,24.64,0.10000000000000002,4.833333333333333,6,887.22,0.4347212420606916,12.540540540540546
Avery 512,84.39,32,35.36,0.08,3.8,5,-42.87,0.419006991349686,58.648648648648646
Avery 513,93.63,22,34.46,0.08,4.2,5,200.0,0.36804443020399447,38.37837837837837
Avery 514,47.81,17,22.849999999999998,0.05,2.5,4,0.0,0.4779334867182597,45.67567567567568
Avery 515,62.650000000000006,5,29.450000000000003,0.0,3.0,2,-33.33,0.47007182761372707,32.7027027027027
Avery 516,109.64999999999999,15,51.54,0.0,2.5,4,0.0,0.47004103967168265,15.972972972972975
Avery 517,44.28,13,18.85,0.05,4.5,4,1000.0,0.42570009033423667,9.945945945945944
Avery 518,106.47,35,49.14,0.05,4.375,8,158.06,0.46153846153846156,81.51351351351352
Avery 519,121.35,18,51.61,0.06666666666666667,3.3333333333333335,6,115.01,0.42529872270292546,63.189189189189186
Avery 52,68.63,19,31.47,0.03333333333333333,4.166666666666667,6,-45.45,0.4585458254407694,45.729729729729726
Avery 520,46.620000000000005,15,22.04,0.04,4.2,5,-88.89,0.4727584727584727,47.513513513513516
"Avery Address/Shipping Labels for Typewriters, 4"" x 2""",277.38,28,126.69,0.05714285714285715,3.142857142857143,7,912.5,0.4567380488860048,42.81081081081081
Avery Arch Ring Binders,1318.87,40,87.13,0.39,3.5,10,1.56,0.06606413065730513,99.35135135135134
Avery Binder Labels,26.07,8,9.879999999999999,0.22499999999999998,3.0,4,-81.49,0.3789796701189106,16.37837837837838
Avery Binding System Hidden Tab Executive Style Index Sets,91.74000000000001,26,16.72,0.3625,2.75,8,-60.82,0.18225419664268583,86.27027027027026
Avery Durable Binders,87.25999999999999,50,13.83,0.3333333333333333,4.25,12,2363.58,0.15849186339674537,70.75675675675676
"Avery Durable Plastic 1"" Binders",116.22,34,37.5,0.32857142857142857,4.571428571428571,7,-87.75,0.32266391326794014,20.97297297297297
Avery Durable Poly Binders,82.95,33,-15.590000000000003,0.5333333333333333,4.0,6,1898.8,-0.18794454490657025,17.02702702702703
Avery Durable Slant Ring Binders,51.480000000000004,19,-23.759999999999998,0.6199999999999999,4.8,5,-14.29,-0.46153846153846145,38.67567567567568
Avery Durable Slant Ring Binders With Label Holder,90.71,36,12.44,0.4888888888888888,3.888888888888889,9,-95.65,0.13714033733877193,44.86486486486486
"Avery Durable Slant Ring Binders, No Labels",89.55,36,13.600000000000001,0.36666666666666664,3.888888888888889,9,284.99,0.1518704634282524,35.891891891891895
Avery File Folder Labels,113.48,44,48.84,0.1076923076923077,3.1538461538461537,13,56.84,0.4303842086711315,92.10810810810811
"Avery Flip-Chart Easel Binder, Black",239.45999999999998,17,37.81999999999999,0.425,3.75,4,0.0,0.15793869539797878,14.540540540540537
Avery Fluorescent Highlighter Four-Color Set,65.47,24,9.34,0.17500000000000002,5.0,8,400.37,0.14266076065373454,84.91891891891892
"Avery Framed View Binder, EZD Ring (Locking), Navy, 1 1/2""",99.81,19,-0.6999999999999975,0.45,4.333333333333333,6,249.92,-0.0070133253181043735,90.37837837837837
Avery Hanging File Binders,105.84,26,21.87,0.25,4.333333333333333,6,0.0,0.2066326530612245,27.621621621621617
Avery Heavy-Duty EZD  Binder With Locking Rings,110.49,28,29.24,0.21666666666666665,4.0,6,0.0,0.2646393338763689,13.189189189189188
Avery Heavy-Duty EZD View Binder with Locking Rings,170.99,41,29.720000000000002,0.35,4.8,10,0.0,0.17381133399614013,63.621621621621614
"Avery Hi-Liter Comfort Grip Fluorescent Highlighter, Yellow Ink",7.8,4,3.04,0.0,6.0,2,0.0,0.38974358974358975,41.0
"Avery Hi-Liter EverBold Pen Style Fluorescent Highlighters, 4/Pack",219.78,31,68.37,0.10000000000000002,3.1666666666666665,6,0.0,0.3110838110838111,26.51351351351351
Avery Hi-Liter Fluorescent Desk Style Markers,20.279999999999998,6,7.5,0.0,4.5,2,0.0,0.36982248520710065,13.540540540540535
"Avery Hi-Liter GlideStik Fluorescent Highlighter, Yellow Ink",26.08,9,9.65,0.1,4.5,2,0.0,0.37001533742331294,41.0
Avery Hi-Liter Pen Style Six-Color Fluorescent Set,7.7,2,3.16,0.0,6.0,1,0.0,0.4103896103896104,4.540540540540539
Avery Hi-Liter Smear-Safe Highlighters,123.81,24,34.11,0.10000000000000002,4.333333333333333,6,35.99,0.2755027865277441,72.70270270270271
Avery Hidden Tab Dividers for Binding Systems,31.590000000000003,24,-7.039999999999999,0.6142857142857142,4.857142857142857,7,-82.33,-0.22285533396644502,65.02702702702703
Avery Hole Reinforcements,116.52000000000001,32,14.840000000000002,0.41111111111111115,4.111111111111111,9,0.0,0.12736010985238586,49.78378378378379
Avery Legal 4-Ring Binder,258.05,16,90.21,0.325,5.0,4,37.14,0.34958341406704124,79.45945945945945
Avery Metallic Poly Binders,135.81,31,43.43,0.3,4.5,6,0.0,0.3197849937412562,15.621621621621617
Avery Non-Stick Binders,217.31,71,43.54,0.33999999999999997,3.95,20,42.85,0.20035893424140627,98.86486486486487
Avery Non-Stick Heavy Duty View Round Locking Ring Binders,68.17,12,30.849999999999998,0.06666666666666667,3.3333333333333335,3,0.0,0.4525451078186885,9.081081081081077
Avery Personal Creations Heavyweight Cards,103.86,11,37.85,0.13333333333333333,4.333333333333333,3,-82.14,0.3644328904294242,44.21621621621622
Avery Poly Binder Pockets,78.04,34,14.77,0.25,3.375,8,-77.43,0.1892619169656586,60.10810810810811
Avery Premier Heavy-Duty Binder with Round Locking Rings,191.35,21,29.41,0.3428571428571429,5.0,7,-20.03,0.15369741311732427,44.054054054054056
Avery Printable Repositionable Plastic Tabs,115.24000000000001,16,42.3,0.23333333333333336,4.5,6,1120.0,0.3670600485942381,10.108108108108105
Avery Recycled Flexi-View Covers for Binding Systems,197.17000000000002,32,-69.57,0.5285714285714286,3.2857142857142856,7,655.37,-0.3528427245524166,63.67567567567567
Avery Reinforcements for Hole-Punch Pages,28.52,41,-16.13,0.575,4.375,8,-45.86,-0.5655680224403927,73.94594594594595
Avery Round Ring Poly Binders,36.92,17,12.290000000000001,0.3,3.0,6,0.0,0.3328819068255688,34.432432432432435
Avery Self-Adhesive Photo Pockets for Polaroid Photos,143.01,41,-2.1900000000000017,0.5363636363636364,4.2727272727272725,11,-61.61,-0.015313614432557177,84.8108108108108
"Avery Trapezoid Extra Heavy Duty 4"" Binders",314.53999999999996,15,-0.010000000000005116,0.44999999999999996,2.25,4,0.0,-3.179245882878209e-05,59.08108108108108
"Avery Trapezoid Ring Binder, 3"" Capacity, Black, 1040 sheets",545.03,22,85.22999999999999,0.5,3.857142857142857,7,0.0,0.15637671320844723,50.702702702702695
"Avery Triangle Shaped Sheet Lifters, Black, 2/Pack",25.82,25,-4.929999999999999,0.6166666666666667,3.3333333333333335,6,178.28,-0.19093725793958166,72.1081081081081
Avery White Multi-Purpose Labels,95.62,20,41.83,0.05,5.5,4,0.0,0.43746078226312485,34.54054054054054
Avoid Verbal Orders Carbonless Minifold Book,68.28,21,29.939999999999998,0.04,3.4,5,0.0,0.43848857644991207,45.351351351351354
BIC Brite Liner Grip Highlighters,24.27,17,8.94,0.08,4.2,5,379.88,0.3683559950556242,42.54054054054054
"BIC Brite Liner Grip Highlighters, Assorted, 5/Pack",118.72,29,43.72,0.06666666666666667,4.333333333333333,6,-73.22,0.36826145552560646,54.486486486486484
BIC Brite Liner Highlighters,86.12,23,30.89,0.08571428571428573,3.857142857142857,7,34.3,0.3586855550394798,78.7027027027027
"BIC Brite Liner Highlighters, Chisel Tip",123.12,21,30.59,0.10000000000000002,3.8333333333333335,6,0.0,0.24845679012345678,50.0
BIC Liqua Brite Liner,173.5,27,53.57,0.06666666666666667,4.166666666666667,6,40.37,0.3087608069164265,34.378378378378386
"BOSTON Model 1800 Electric Pencil Sharpeners, Putty/Woodgrain",496.24,30,113.28,0.06666666666666667,3.8333333333333335,6,0.0,0.2282766403353216,22.756756756756758
"BOSTON Ranger #55 Pencil Sharpener, Black",618.56,27,120.34,0.08888888888888889,4.111111111111111,9,-12.5,0.1945486290739783,97.24324324324324
BPI Conference Tables,2241.87,26,-795.98,0.37,3.0,5,-64.47,-0.35505180942695164,42.972972972972975
Bady BDG101FRU Card Printer,9279.89,14,1327.99,0.2,4.25,4,-16.0,0.14310406696631103,71.13513513513514
Bagged Rubber Bands,25.7,21,0.30000000000000004,0.04,4.0,5,-26.72,0.011673151750972765,66.81081081081082
Balt Solid Wood Rectangular Table,828.1,11,-216.25,0.2625,3.5,4,11.11,-0.26113995894215675,99.67567567567568
Balt Solid Wood Round Tables,6518.76,19,-1201.06,0.2,4.5,4,3.33,-0.18424669722462553,65.89189189189189
Balt Split Level Computer Training Table,1040.63,12,-357.98,0.38,5.4,5,0.0,-0.34400315193680747,64.70270270270271
Barrel Sharpener,67.83000000000001,19,17.619999999999997,0.0,6.0,4,-22.22,0.259767064720625,62.75675675675676
"Barricks 18"" x 48"" Non-Folding Utility Table with Bottom Storage Shelf",1088.64,16,-104.82,0.32,4.4,5,-70.0,-0.09628527336860669,71.1891891891892
"Barricks Non-Folding Utility Table with Steel Legs, Laminate Tops",136.46,2,15.35,0.2,2.0,1,0.0,0.11248717572915139,4.540540540540539
"Belkin 19"" Center-Weighted Shelf, Gray",849.31,16,-47.19,0.1,4.75,4,100.0,-0.05556275093899754,49.83783783783784
"Belkin 19"" Vented Equipment Shelf, Black",1400.26,31,-179.66,0.12000000000000002,3.8,10,21.05,-0.12830474340479625,92.91891891891892
"Belkin 325VA UPS Surge Protector, 6'",1379.1799999999998,13,199.63,0.1,2.5,4,56.25,0.14474542844298788,74.97297297297297
Belkin 5 Outlet SurgeMaster Power Centers,1776.05,40,207.02,0.14,4.4,10,-13.64,0.11656203372652797,76.37837837837837
Belkin 6 Outlet Metallic Surge Strip,262.45,29,28.740000000000002,0.16666666666666666,3.4444444444444446,9,66.64,0.10950657268051059,75.62162162162163
Belkin 7 Outlet SurgeMaster II,631.68,16,176.87,0.0,5.0,3,0.0,0.2799993667679838,9.621621621621623
Belkin 7 Outlet SurgeMaster Surge Protector with Phone Protection,157.92,5,17.77,0.2,3.0,1,0.0,0.11252532928064844,4.540540540540539
Belkin 7-Outlet SurgeMaster Home Series,106.17999999999999,10,2.79,0.24000000000000005,4.6,5,75.01,0.02627613486532304,52.864864864864856
Belkin 8 Outlet Surge Protector,1073.67,30,188.51999999999998,0.14285714285714285,3.2857142857142856,7,250.0,0.1755846768560172,65.1891891891892
Belkin 8 Outlet SurgeMaster II Gold Surge Protector,737.75,15,89.97,0.22000000000000003,3.4,5,0.0,0.12195188071840055,69.2972972972973
Belkin 8 Outlet SurgeMaster II Gold Surge Protector with Phone Protection,647.84,8,168.44,0.0,3.0,1,0.0,0.2600024697456162,4.540540540540539
Belkin 8-Outlet Premiere SurgeMaster II Surge Protectors,277.92,4,83.37,0.0,3.5,2,0.0,0.29997841105354056,4.540540540540539
Belkin F5C206VTEL 6 Outlet Surge,464.20000000000005,22,110.3,0.05714285714285715,3.4285714285714284,7,0.0,0.23761309780267123,59.72972972972973
Belkin F8E887 USB Wired Ergonomic Keyboard,563.81,21,66.27000000000001,0.1,4.375,8,-25.81,0.11753959667263797,98.91891891891892
Belkin F9G930V10-GRY 9 Outlet Surge,770.11,16,162.59,0.16,1.8,5,0.0,0.2111256833439379,14.108108108108109
Belkin F9H710-06 7 Outlet SurgeMaster Surge Protector,516.22,29,122.84,0.07500000000000001,4.875,8,-72.09,0.23796055945139669,66.54054054054053
Belkin F9M820V08 8 Outlet Surge,558.74,15,101.0,0.13333333333333333,3.3333333333333335,3,-19.45,0.1807638615456205,37.4054054054054
Belkin F9S820V06 8 Outlet Surge,266.33,17,-120.17,0.4,3.75,4,-63.34,-0.4512071490256449,20.864864864864863
Belkin Grip Candy Sheer Case / Cover for iPhone 5 and 5S,64.97,8,12.99,0.06666666666666667,3.6666666666666665,3,0.0,0.19993843312297985,4.540540540540539
Belkin OmniView SE Rackmount Kit,248.35999999999999,7,0.0,0.0,5.0,2,-83.33,0.0,12.351351351351347
Belkin Premiere Surge Master II 8-outlet surge protector,952.1600000000001,26,55.390000000000015,0.27142857142857146,4.714285714285714,7,104.0,0.05817299613510336,65.13513513513513
Belkin QODE FastFit Bluetooth Keyboard,495.6,9,16.11,0.1,4.5,2,0.0,0.03250605326876513,40.67567567567567
"Belkin SportFit Armband For iPhone 5s/5c, Fuchsia",239.84,21,79.30999999999999,0.2,3.8,5,155.0,0.3306787858572381,42.86486486486486
Belkin Standard 104 key USB Keyboard,265.53999999999996,21,5.100000000000001,0.16666666666666666,3.1666666666666665,6,0.0,0.019206145966709356,24.16216216216216
Belkin iPhone and iPad Lightning Cable,83.94,7,6.300000000000001,0.2,3.5,2,500.08,0.07505360972122946,12.270270270270267
Berol Giant Pencil Sharpener,254.85,17,49.78,0.1,6.25,4,241.15,0.19533058661958017,17.78378378378378
Bestar Classic Bookcase,1897.8,31,-612.93,0.315,3.375,8,17.65,-0.32296870060069555,96.86486486486487
Bevis 36 x 72 Conference Tables,4332.26,40,448.17,0.1625,3.875,8,221.05,0.10344946979174842,57.13513513513513
Bevis 44 x 96 Conference Tables,3253.2200000000003,20,-164.70999999999998,0.18,3.0,5,122.22,-0.05062983751483145,43.351351351351354
Bevis Boat-Shaped Conference Table,2542.45,15,-445.59999999999997,0.31666666666666665,2.3333333333333335,6,-38.89,-0.17526401699148458,95.45945945945947
"Bevis Oval Conference Table, Walnut",6942.07,36,-856.0199999999999,0.275,3.75,8,233.33,-0.12330904182758168,85.89189189189189
Bevis Rectangular Conference Tables,1007.26,13,-586.8499999999999,0.475,4.75,4,140.0,-0.5826201775112682,91.24324324324324
"Bevis Round Bullnose 29"" High Table Top",4544.93,24,-192.19,0.26,2.4,5,414.28,-0.04228667988285848,76.86486486486487
Bevis Round Conference Room Tables and Bases,519.94,4,-39.44,0.25,5.5,2,0.0,-0.07585490633534638,4.540540540540539
Bevis Round Conference Table Top & Single Column Base,2297.5400000000004,19,100.98000000000002,0.22000000000000003,3.6,5,0.0,0.04395135666843668,60.5945945945946
"Bevis Round Conference Table Top, X-Base",2671.43,20,-519.94,0.26666666666666666,3.6666666666666665,6,0.0,-0.19462984244393455,53.18918918918919
Bevis Steel Folding Chairs,1775.08,24,117.07000000000001,0.21666666666666667,4.666666666666667,6,-78.76,0.0659519570948915,46.432432432432435
"Bevis Traditional Conference Table Top, Plinth Base",2033.5,9,-456.71,0.3333333333333333,4.0,3,133.33,-0.2245930661421195,67.83783783783784
Binder Clips by OIC,36.11,27,15.33,0.1142857142857143,4.142857142857143,7,0.0,0.4245361395735254,53.08108108108108
Binder Posts,57.41,16,7.8100000000000005,0.45,4.0,6,49.94,0.13603901759275389,77.02702702702703
Binding Machine Supplies,667.99,32,182.60000000000002,0.18888888888888888,3.6666666666666665,9,88.73,0.27335738558960465,47.72972972972973
"Binney & Smith Crayola Metallic Colored Pencils, 8-Color Set",88.9,20,26.85,0.05714285714285715,3.2857142857142856,7,30.42,0.30202474690663667,99.56756756756758
"Binney & Smith Crayola Metallic Crayons, 16-Color Pack",16.18,5,6.74,0.1,1.5,2,0.0,0.4165636588380717,13.891891891891895
"Binney & Smith inkTank Desk Highlighter, Chisel Tip, Yellow, 12/Box",45.15,22,13.459999999999999,0.08,4.2,5,0.0,0.2981173864894795,53.35135135135135
"Binney & Smith inkTank Erasable Desk Highlighter, Chisel Tip, Yellow, 12/Box",17.64,8,5.75,0.13333333333333333,2.6666666666666665,3,0.0,0.32596371882086167,35.432432432432435
"Binney & Smith inkTank Erasable Pocket Highlighter, Chisel Tip, Yellow",25.990000000000002,12,10.669999999999998,0.06666666666666667,5.0,3,0.0,0.41054251635244315,16.75675675675675
Bionaire 99.97% HEPA Air Cleaner,199.73,16,17.519999999999996,0.25,5.0,4,-33.33,0.08771841986682019,76.43243243243244
Bionaire Personal Warm Mist Humidifier/Vaporizer,515.79,11,201.15,0.0,5.666666666666667,3,0.0,0.38998429593439193,14.810810810810814
Black & Decker Filter for Double Action Dustbuster Cordless Vac BLDV7210,229.89000000000001,28,53.71,0.03333333333333333,4.5,6,0.0,0.23363347688024708,10.91891891891892
"Black Avery Memo-Size 3-Ring Binder, 5 1/2"" x 8 1/2""",45.5,16,15.559999999999999,0.27499999999999997,4.25,4,125.04,0.34197802197802196,49.513513513513516
"Black Print Carbonless 8 1/2"" x 8 1/4"" Rapid Memo Book",64.06,11,20.83,0.2,3.75,4,0.0,0.3251639088354667,14.918918918918923
"Black Print Carbonless Snap-Off Rapid Letter, 8 1/2"" x 7""",160.34,19,65.14,0.05,4.0,4,-82.14,0.4062616939004615,41.51351351351351
BlackBerry Q10,3099.36,27,548.06,0.06666666666666667,4.666666666666667,6,-60.78,0.17683005523721024,91.83783783783784
Blackstonian Pencils,49.13,19,12.600000000000001,0.05,4.5,4,-82.85,0.25646244657032363,20.81081081081081
Blue Parrot B250XT Professional Grade Wireless Bluetooth Headset with,1229.83,21,127.47,0.25,4.0,4,92.86,0.10364847173999658,27.405405405405403
"Blue String-Tie & Button Interoffice Envelopes, 10 x 13",783.61,22,299.83,0.08571428571428573,3.4285714285714284,7,-77.78,0.38262656168246956,54.7027027027027
"BlueLounge Milo Smartphone Stand, White/Metallic",335.89,12,76.78,0.06666666666666667,5.0,3,0.0,0.22858673970645152,22.64864864864865
Bose SoundLink Bluetooth Speaker,2865.6,18,967.14,0.2,4.2,5,-66.67,0.3375,85.02702702702703
Boston 1645 Deluxe Heavier-Duty Electric Pencil Sharpener,1073.12,27,206.26,0.1142857142857143,2.7142857142857144,7,-31.03,0.19220590427911138,72.75675675675676
Boston 16701 Slimline Battery Pencil Sharpener,86.08,6,19.13,0.1,4.5,2,0.0,0.22223513011152415,37.13513513513513
Boston 16750 Black Compact Battery Pencil Sharpener,43.75,5,13.120000000000001,0.0,5.0,2,0.0,0.2998857142857143,15.972972972972975
Boston 16765 Mini Stand Up Battery Pencil Sharpener,102.61,10,16.32,0.1,1.75,4,-70.59,0.1590488256505214,17.83783783783783
Boston 16801 Nautilus Battery Pencil Sharpener,444.61,23,69.99000000000001,0.10000000000000002,4.0,6,26.32,0.15741886147410092,61.08108108108108
Boston 1730 StandUp Electric Pencil Sharpener,171.04,8,44.48,0.0,4.666666666666667,3,0.0,0.2600561272217025,30.243243243243246
Boston 1799 Powerhouse Electric Pencil Sharpener,389.70000000000005,15,109.11,0.0,4.666666666666667,3,0.0,0.2799846035411855,4.540540540540539
"Boston 1827 Commercial Additional Cutter, Drive Gear & Gear Rack for 1606",59.489999999999995,3,17.85,0.0,2.0,2,0.0,0.30005042864346954,26.51351351351351
Boston 1900 Electric Pencil Sharpener,14.98,1,4.49,0.0,4.0,1,0.0,0.29973297730307075,4.540540540540539
Boston 19500 Mighty Mite Electric Pencil Sharpener,342.55,17,92.48,0.0,5.0,4,0.0,0.2699751861042184,11.16216216216216
"Boston Electric Pencil Sharpener, Model 1818, Charcoal Black",523.59,20,118.21,0.07500000000000001,3.625,8,-68.0,0.22576825378635954,70.1081081081081
Boston Heavy-Duty Trimline Electric Pencil Sharpeners,1166.44,25,310.88,0.04,4.2,5,11.11,0.26652035252563355,80.86486486486486
Boston Home & Office Model 2000 Electric Pencil Sharpeners,297.99,13,70.49,0.03333333333333333,2.3333333333333335,6,400.0,0.23655156213295744,49.45945945945947
Boston KS Multi-Size Manual Pencil Sharpener,533.36,25,119.53999999999999,0.05714285714285715,3.857142857142857,7,-72.73,0.22412629368531573,76.75675675675674
"Boston Model 1800 Electric Pencil Sharpener, Gray",405.36,15,109.77,0.06666666666666667,4.0,3,0.0,0.27079632918886914,27.78378378378379
"Boston School Pro Electric Pencil Sharpener, 1670",873.64,32,149.94,0.1142857142857143,3.5714285714285716,7,-20.0,0.1716267570166201,94.97297297297297
BoxOffice By Design Rectangular and Half-Moon Meeting Room Tables,1706.25,15,-1148.44,0.48333333333333334,4.333333333333333,3,0.0,-0.6730783882783883,11.459459459459465
"Bravo II Megaboss 12-Amp Hard Body Upright, Replacement Belts, 2 Belts per Pack",87.75,29,20.83,0.12000000000000002,5.2,5,-28.33,0.23737891737891736,77.78378378378379
Bretford CR4500 Series Slim Rectangular Table,7242.77,29,-532.76,0.2625,4.625,8,81.25,-0.07355749250632009,92.37837837837837
Bretford CR8500 Series Meeting Room Furniture,6776.570000000001,21,461.13,0.18333333333333335,5.0,6,0.0,0.06804769964746177,60.54054054054055
Bretford Rectangular Conference Table Tops,12995.27,46,-327.24999999999994,0.24583333333333335,4.083333333333333,12,-6.99,-0.025182239384022028,89.51351351351352
Bretford “Just In Time” Height-Adjustable Multi-Task Work Tables,5634.9,17,-964.2,0.225,4.25,4,-57.89,-0.17111217590374275,23.351351351351347
"Brites Rubber Bands, 1 1/2 oz. Box",13.07,7,-0.51,0.06666666666666667,3.0,3,50.0,-0.03902065799540933,72.0
Brother DCP1000 Digital 3 in 1 Multifunction Machine,4859.83,19,1154.97,0.14285714285714285,3.857142857142857,7,0.0,0.23765646123424072,61.29729729729729
"Brother MFC-9340CDW LED All-In-One Printer, Copier Scanner",341.99,3,-319.19,0.7,0.0,1,0.0,-0.9333313839585953,4.540540540540539
Brown Kraft Recycled Envelopes,244.51,15,117.16,0.04,3.6,5,-58.33,0.47916240644554414,63.13513513513514
Bulldog Table or Wall-Mount Pencil Sharpener,77.87,13,22.59,0.0,3.6666666666666665,3,0.0,0.29009888275330675,4.540540540540539
Bulldog Vacuum Base Pencil Sharpener,330.92,31,59.6,0.10000000000000002,3.1666666666666665,6,586.66,0.1801039526169467,22.702702702702705
Bush Advantage Collection Racetrack Conference Table,9544.720000000001,33,-1934.4,0.35000000000000003,5.142857142857143,7,133.33,-0.20266702428148756,80.32432432432432
Bush Advantage Collection Round Conference Table,3401.6000000000004,19,210.47,0.2375,3.25,4,0.0,0.061873824082784565,54.91891891891891
"Bush Andora Bookcase, Maple/Graphite Gray Finish",3317.71,34,135.59,0.16666666666666666,3.5555555555555554,9,263.34,0.04086855089805921,56.00000000000001
"Bush Andora Conference Table, Maple/Graphite Gray Finish",1436.24,12,-143.62,0.3,3.75,4,61.54,-0.09999721495014761,63.729729729729726
"Bush Birmingham Collection Bookcase, Dark Cherry",825.17,9,-117.88,0.3,2.0,1,0.0,-0.14285541161215265,4.540540540540539
"Bush Cubix Collection Bookcases, Fully Assembled",729.23,4,48.620000000000005,0.2333333333333333,5.0,3,0.0,0.06667306611082924,9.999999999999998
"Bush Cubix Conference Tables, Fully Assembled",3603.29,19,311.82000000000005,0.2,3.0,4,-18.6,0.08653758093298071,37.62162162162163
"Bush Heritage Pine Collection 5-Shelf Bookcase, Albany Pine Finish, *Special Order",3626.0099999999998,34,-208.64000000000001,0.23375,3.125,8,-71.43,-0.057539830281769774,75.51351351351352
Bush Mission Pointe Library,748.86,6,24.15,0.17333333333333334,5.333333333333333,3,0.0,0.03224901850813236,33.13513513513513
"Bush Saratoga Collection 5-Shelf Bookcase, Hanover Cherry, *Special Order",119.83,1,-12.69,0.15,5.0,1,0.0,-0.1059000250354669,4.540540540540539
Bush Somerset Collection Bookcase,1263.95,12,-56.33,0.21250000000000002,3.25,4,-45.6,-0.04456663633846275,28.43243243243243
"Bush Westfield Collection Bookcases, Dark Cherry Finish",649.38,14,-97.4,0.2333333333333333,5.0,3,0.0,-0.14998922048723398,10.702702702702705
"Bush Westfield Collection Bookcases, Dark Cherry Finish, Fully Assembled",90.88,3,-190.85,0.7,2.0,1,0.0,-2.1000220070422535,4.540540540540539
"Bush Westfield Collection Bookcases, Fully Assembled",1473.3,18,73.73,0.19499999999999998,4.333333333333333,6,169.37,0.050044118645218225,21.081081081081077
"Bush Westfield Collection Bookcases, Medium Cherry Finish",1426.8799999999999,32,-20.289999999999992,0.23000000000000004,3.7777777777777777,9,240.22,-0.014219836286162812,46.270270270270274
C-Line Cubicle Keepers Polyproplyene Holder With Velcro Backings,137.17000000000002,31,47.72,0.125,3.25,8,-33.35,0.3478894802070423,97.67567567567568
"C-Line Cubicle Keepers Polyproplyene Holder w/Velcro Back, 8-1/2x11, 25/Bx",514.56,13,23.539999999999992,0.15,2.75,4,0.0,0.045747823383084564,99.1891891891892
"C-Line Magnetic Cubicle Keepers, Clear Polypropylene",136.34,28,56.1,0.028571428571428574,5.285714285714286,7,50.9,0.4114713216957606,32.270270270270274
"C-Line Peel & Stick Add-On Filing Pockets, 8-3/4 x 5-1/8, 10/Pack",86.0,21,15.09,0.39999999999999997,4.0,4,219.87,0.17546511627906977,77.24324324324324
Cameo Buff Policy Envelopes,1555.75,28,632.25,0.1,4.5,8,0.0,0.40639562911778887,58.5945945945946
"Canon Color ImageCLASS MF8580Cdw Wireless Laser All-In-One Printer, Copier, Scanner",1007.98,3,43.2,0.3,2.0,1,0.0,0.042857993214151076,4.540540540540539
Canon Image Class D660 Copier,3959.93,7,1691.97,0.1,4.5,2,0.0,0.42727270431548037,8.594594594594597
Canon Imageclass D680 Copier / Fax,8959.869999999999,16,2799.96,0.2,3.0,5,466.67,0.3125000697554764,60.216216216216225
Canon PC-428 Personal Copier,4119.8,25,1469.92,0.20000000000000004,4.5,6,-55.77,0.3567940191271421,64.91891891891892
Canon PC1060 Personal Laser Copier,11619.830000000002,19,4570.94,0.15000000000000002,3.25,4,0.0,0.393374085507275,39.621621621621614
Canon PC1080F Personal Copier,5999.9,11,1973.97,0.05,3.75,4,0.0,0.32900048334138904,46.05405405405405
Canon PC170 Desktop Personal Copier,575.82,6,67.18,0.4,5.0,2,0.0,0.1166684033204821,41.0
Canon PC940 Copier,5669.88,15,2092.46,0.20000000000000004,3.6666666666666665,3,0.0,0.3690483749215151,15.405405405405403
Canon imageCLASS 2200 Advanced Copier,61599.83,20,25199.94,0.12000000000000002,4.0,5,37.84,0.4090910640500144,34.97297297297297
Canon imageCLASS MF7460 Monochrome Digital Laser Multifunction Copier,3991.98,2,1995.99,0.0,5.0,1,0.0,0.5,4.540540540540539
Canvas Sectional Post Binders,422.64,28,59.06999999999999,0.3333333333333333,3.6666666666666665,6,260.86,0.13976433844406586,58.16216216216217
Cardinal EasyOpen D-Ring Binders,209.3,40,26.500000000000004,0.25,4.25,8,41.69,0.12661251791686576,83.2972972972973
"Cardinal HOLDit! Binder Insert Strips,Extra Strips",136.73000000000002,41,4.369999999999998,0.4555555555555555,4.0,9,60.85,0.03196079865428215,70.64864864864865
Cardinal Hold-It CD Pocket,38.3,12,-12.46,0.5,3.75,4,0.0,-0.3253263707571802,22.81081081081081
Cardinal Holdit Business Card Pockets,87.63,25,22.889999999999997,0.2375,5.0,8,125.05,0.26121191372817526,91.56756756756756
Cardinal Holdit Data Disk Pockets,100.46000000000001,16,38.73,0.13333333333333333,4.0,3,0.0,0.38552657774238497,27.837837837837842
Cardinal Poly Pocket Divider Pockets for Ring Binders,40.32,15,12.6,0.2,4.75,4,0.0,0.3125,12.108108108108107
"Cardinal Slant-D Ring Binder, Heavy Gauge Vinyl",178.99,37,5.41,0.41,4.8,10,41.93,0.030225152243142074,76.21621621621621
Cardinal Slant-D Ring Binders,119.92,17,46.06,0.18,4.4,5,429.98,0.3840893929286191,19.837837837837835
"Career Cubicle Clock, 8 1/4"", Black",194.69,10,68.95,0.06666666666666667,5.666666666666667,3,0.0,0.35415275566284865,4.540540540540539
"Carina 42""Hx23 3/4""W Media Storage Unit",1635.79,22,-110.13999999999999,0.1,4.25,8,40.0,-0.06733138116750927,73.67567567567568
Carina Double Wide Media Storage Towers in Natural & Black,3028.65,39,-3.229999999999997,0.06666666666666667,4.833333333333333,12,163.16,-0.0010664817658032446,94.16216216216216
Carina Media Storage Towers in Natural & Black,1073.25,20,-121.96000000000001,0.12000000000000002,3.6,5,220.0,-0.1136361518751456,56.270270270270274
"Carina Mini System Audio Rack, Model AR050B",2730.11,26,-68.8,0.06666666666666667,4.833333333333333,6,133.33,-0.025200449798726057,47.89189189189189
Case Logic 2.4GHz Wireless Keyboard,1229.76,27,-11.990000000000002,0.07500000000000001,2.875,8,-35.14,-0.009749869893312517,96.37837837837839
Catalog Binders with Expanding Posts,1089.93,36,-242.21000000000004,0.5125,4.375,8,77.79,-0.2222252805226024,54.864864864864856
Cherry 142-key Programmable Keyboard,479.72,4,52.77,0.0,4.0,1,0.0,0.11000166763945635,4.540540540540539
"Chromcraft 48"" x 96"" Racetrack Double Pedestal Table",5098.17,22,-403.99999999999994,0.31666666666666665,4.0,6,356.25,-0.07924412092966691,54.37837837837838
"Chromcraft Bull-Nose Wood 48"" x 96"" Rectangular Conference Tables",4297.65,11,-611.5899999999999,0.3333333333333333,4.333333333333333,6,0.0,-0.14230800553791026,31.081081081081084
Chromcraft Bull-Nose Wood Oval Conference Tables & Bases,9917.64,27,-2876.1099999999997,0.28,4.0,5,120.0,-0.28999943534953876,74.59459459459458
"Chromcraft Bull-Nose Wood Round Conference Table Top, Wood Base",3354.88,18,100.20999999999997,0.18333333333333335,4.5,6,0.0,0.0298699208317436,70.0
Chromcraft Rectangular Conference Tables,4952.67,30,-450.24,0.32222222222222224,3.7777777777777777,9,46.67,-0.09090854024193011,54.432432432432435
Chromcraft Round Conference Tables,8209.07,61,-189.98999999999995,0.2576923076923077,4.230769230769231,13,-46.13,-0.023143912769655998,34.48648648648649
Cisco 8961 IP Phone Charcoal,224.94,3,-164.95,0.7,2.0,1,0.0,-0.7333066595536587,4.540540540540539
Cisco 8x8 Inc. 6753i IP Business Phone System,2645.8100000000004,26,83.70000000000002,0.16666666666666666,3.3333333333333335,6,-40.74,0.031634924654453646,91.78378378378378
Cisco 9971 IP Video Phone Charcoal,4268.0,16,466.4,0.35,5.5,2,0.0,0.10927835051546392,4.540540540540539
Cisco CP-7937G Unified IP Conference Station Phone,1391.4,4,-55.66,0.5,2.5,2,0.0,-0.040002874802357334,40.67567567567567
Cisco Desktop Collaboration Experience DX650 IP Video Phone,385.8,5,130.21,0.2,2.0,1,0.0,0.33750648004147227,4.540540540540539
Cisco IP Phone 7961G-GE VoIP phone,2252.4399999999996,15,-119.12,0.35000000000000003,4.75,4,0.0,-0.05288487151711035,19.891891891891888
Cisco IP Phone 7961G VoIP phone - Dark gray,1386.69,12,228.4,0.06666666666666667,4.333333333333333,3,0.0,0.1647087669197874,10.270270270270265
Cisco SPA 501G IP Phone,213.48,3,16.01,0.2,5.0,1,0.0,0.07499531572044221,8.594594594594597
Cisco SPA 502G IP Phone,2063.14,21,299.86,0.16,3.2,5,-66.67,0.14534156673807885,55.081081081081074
Cisco SPA112 2 Port Phone Adapter,516.53,11,87.38,0.13333333333333333,3.3333333333333335,3,66.67,0.16916732813195748,75.67567567567568
Cisco SPA301,4180.52,30,904.74,0.15555555555555556,3.6666666666666665,9,-36.0,0.21641805325653266,30.486486486486484
Cisco SPA508G,910.66,15,207.87,0.12000000000000002,4.2,5,12.5,0.22826301803087873,99.83783783783784
Cisco SPA525G2 5-Line IP Phone,1379.92,8,648.56,0.0,6.0,1,0.0,0.46999826076874013,4.540540540540539
Cisco SPA525G2 IP Phone - Wireless,426.93,26,43.08,0.2,4.8,5,62.5,0.100906471786944,89.24324324324324
Cisco Small Business SPA 502G VoIP phone,882.1,11,58.47,0.25,5.0,4,-89.29,0.06628500170048747,36.48648648648649
Cisco TelePresence System EX90 Videoconferencing Unit,22638.48,6,-1811.08,0.5,5.0,1,0.0,-0.08000007067612314,4.540540540540539
Cisco Unified IP Phone 7945G VoIP phone,6751.610000000001,26,102.31,0.23333333333333336,3.3333333333333335,6,0.0,0.015153422665112468,52.81081081081081
Clarity 53712,752.28,14,68.64,0.15000000000000002,3.75,4,312.51,0.09124262242781943,50.54054054054053
Classic Ivory Antique Telephone ZL1810,341.67,4,40.19,0.1,3.0,2,0.0,0.11762812070126144,23.189189189189186
Clear Mylar Reinforcing Strips,377.54,29,90.27,0.41428571428571426,4.0,7,2.74,0.23910049266302905,83.51351351351352
ClearOne CHATAttach 160 - speaker phone,6695.900000000001,13,1053.99,0.2,4.25,4,233.33,0.15740826475903164,92.97297297297298
ClearOne Communications CHAT 70 OC Speaker Phone,1685.3,12,273.47,0.1,4.5,4,40.0,0.16226784548745032,51.2972972972973
ClearSounds CSC500 Amplified Spirit Phone Corded phone,1119.83,19,162.38,0.13333333333333333,4.333333333333333,6,-73.33,0.1450041524159917,76.64864864864865
Clearsounds A400,488.33,11,-48.83,0.3333333333333333,3.0,3,-23.81,-0.09999385661335572,35.945945945945944
Col-Erase Pencils with Erasers,37.7,7,7.48,0.1,1.0,2,0.0,0.1984084880636605,4.540540540540539
Color-Coded Legal Exhibit Labels,14.73,3,7.22,0.0,3.5,2,0.0,0.49015614392396467,8.594594594594597
Colored Envelopes,50.93,16,19.04,0.12000000000000002,3.8,5,0.0,0.37384645591989,43.729729729729726
Colored Push Pins,24.97,15,7.6,0.08,2.8,5,-70.57,0.30436523828594314,30.648648648648646
Coloredge Poster Frame,298.2,21,116.28999999999999,0.0,3.1666666666666665,6,-54.55,0.38997317236753853,62.0
Colorific Watercolor Pencils,51.6,11,11.3,0.06666666666666667,2.6666666666666665,3,33.33,0.2189922480620155,78.86486486486486
"Commercial WindTunnel Clean Air Upright Vacuum, Replacement Belts, Filtration Bags",50.57,17,1.629999999999999,0.2285714285714286,4.285714285714286,7,-61.07,0.03223254894206049,83.72972972972973
Compact Automatic Electric Letter Opener,2982.75,26,-57.280000000000015,0.05,5.125,8,8.57,-0.019203754924147186,95.89189189189189
"Companion Letter/Legal File, Black",611.72,17,149.53,0.08,3.4,5,16.67,0.24444190152357287,77.62162162162163
Computer Printout Index Tabs,11.08,15,-2.0199999999999996,0.5,4.5,4,-79.16,-0.18231046931407938,24.864864864864867
Computer Printout Paper with Letter-Trim Fine Perforations,191.6,4,91.97,0.0,2.0,1,0.0,0.48001043841336116,8.594594594594597
Computer Printout Paper with Letter-Trim Perforations,405.96,24,169.2,0.08571428571428573,5.428571428571429,7,-68.75,0.41678983151049365,72.43243243243242
"Computer Room Manger, 14""",636.61,22,179.28,0.14285714285714285,4.0,7,0.0,0.2816166883963494,97.89189189189189
"Conquest 14 Commercial Heavy-Duty Upright Vacuum, Collection System, Accessory Kit",546.8199999999999,12,61.51999999999999,0.2,3.25,4,33.33,0.11250502907721005,85.08108108108108
Contemporary Borderless Frame,36.16,6,3.62,0.3,2.5,2,0.0,0.10011061946902657,22.108108108108105
Contemporary Wood/Metal Frame,193.91,18,4.849999999999998,0.35,4.0,4,-12.51,0.025011603321128346,66.10810810810811
"Contico 72""H Heavy-Duty Storage System",598.31,16,-57.370000000000005,0.08,3.8,5,-37.5,-0.09588674767261121,77.94594594594595
"Contract Clock, 14"", Brown",334.09,21,29.47,0.27999999999999997,5.0,5,48.0,0.08820976383609208,64.75675675675676
Convenience Packs of Business Envelopes,58.65,18,24.099999999999998,0.10000000000000002,2.8333333333333335,6,126.7,0.4109121909633418,91.51351351351352
Crate-A-Files,176.58,18,31.38,0.1142857142857143,4.714285714285714,7,44.0,0.17770981991165474,84.0
"Crayola Anti Dust Chalk, 12/Pack",59.69,35,24.65,0.08571428571428573,4.714285714285714,7,544.58,0.41296699614675825,28.216216216216218
Crayola Colored Pencils,120.69,40,32.81,0.10909090909090911,4.363636363636363,11,193.29,0.27185350898997435,80.91891891891892
Cubify CubeX 3D Printer Double Head Print,11099.96,9,-8879.97,0.5333333333333333,4.0,3,6.67,-0.8000001801808295,65.24324324324324
Cubify CubeX 3D Printer Triple Head Print,7999.98,4,-3839.99,0.5,0.0,1,0.0,-0.479999949999875,8.594594594594597
Cush Cases Heavy Duty Rugged Cover Case for Samsung Galaxy S5 - Purple,65.34,17,3.9099999999999997,0.20000000000000004,4.5,6,0.0,0.05984083256810529,31.783783783783782
Cyber Acoustics AC-202b Speech Recognition Stereo Headset,119.51,11,-20.52,0.16,3.8,5,42.12,-0.17170111287758347,34.05405405405405
DAX Black Cherry Wood-Tone Poster Frame,455.44,24,61.44,0.225,3.625,8,0.0,0.13490251185666607,48.05405405405405
"DAX Charcoal/Nickel-Tone Document Frame, 5 x 7",168.74,23,48.82,0.17142857142857143,3.7142857142857144,7,-39.63,0.28932084864288254,42.486486486486484
DAX Clear Channel Poster Frame,119.56,10,27.699999999999996,0.19999999999999998,4.666666666666667,3,0.0,0.23168283706925388,47.243243243243235
"DAX Contemporary Wood Frame with Silver Metal Mat, Desktop, 11 x 14 Size",291.46,15,97.16,0.04,4.0,5,0.0,0.33335620668359295,52.97297297297297
"DAX Copper Panel Document Frame, 5 x 7 Size",171.09,18,39.75,0.2,3.0,5,150.02,0.2323338593722602,88.91891891891892
DAX Cubicle Frames - 8x10,125.78999999999999,26,20.76,0.12,5.4,5,-13.8,0.16503696637252566,65.08108108108108
"DAX Cubicle Frames, 8-1/2 x 11",145.69,17,52.46,0.0,3.5,4,-28.57,0.3600796211133228,89.56756756756756
"DAX Executive Solid Wood Document Frame, Desktop or Hang, Mahogany, 5 x 7",196.25,17,55.09,0.04,3.6,5,-18.61,0.2807133757961784,37.56756756756757
"DAX Metal Frame, Desktop, Stepped-Edge",161.92,11,26.11,0.24,3.4,5,0.0,0.16125247035573123,79.78378378378379
DAX Natural Wood-Tone Poster Frame,513.72,23,123.92,0.2,4.6,5,42.86,0.2412208985439539,77.8918918918919
DAX Solid Wood Frames,113.33,13,33.32,0.06666666666666667,4.666666666666667,3,-47.37,0.2940086473131563,27.67567567567567
"DAX Two-Tone Rosewood/Black Document Frame, Desktop, 5 x 7",216.15,25,73.93,0.09999999999999999,4.125,8,191.63,0.3420309969928291,47.351351351351354
DAX Two-Tone Silver Metal Document Frame,234.77999999999997,13,84.81,0.13333333333333333,4.0,6,41.67,0.36123179146434964,34.162162162162154
"DAX Value U-Channel Document Frames, Easel Back",175.94,36,52.47,0.06,3.7,10,-64.0,0.2982266681823349,90.91891891891892
DAX Wood Document Frame,477.8,40,126.33,0.1111111111111111,4.111111111111111,9,0.0,0.26439933026370865,61.83783783783784
DAX Wood Document Frame.,159.26999999999998,16,7.689999999999999,0.35,3.25,4,0.0,0.048282790230426316,17.675675675675674
DIXON Oriole Pencils,44.89,19,8.61,0.10000000000000002,5.166666666666667,6,200.0,0.19180218311427932,52.59459459459459
DIXON Ticonderoga Erasable Checking Pencils,94.86,20,26.78,0.1142857142857143,4.428571428571429,7,-53.86,0.28231077377187436,85.4054054054054
DMI Arturo Collection Mission-style Design Wood Chair,4619.99,37,486.15000000000003,0.19090909090909092,3.3636363636363638,11,924.99,0.10522750049242532,46.108108108108105
DMI Eclipse Executive Suite Bookcases,11046.6,27,90.17,0.18333333333333335,3.3333333333333335,6,-88.24,0.008162692593196096,81.67567567567568
DXL Angle-View Binders with Locking Rings by Samsill,215.11,35,66.69,0.24,4.1,10,101.49,0.31002742782762305,68.86486486486487
"DXL Angle-View Binders with Locking Rings, Black",124.6,26,42.04,0.2,5.0,4,0.0,0.33739967897271267,20.918918918918916
DYMO CardScan Personal V9 Business Card Scanner,1343.91,11,463.96000000000004,0.3,3.0,3,0.0,0.34523145151088985,35.29729729729729
"Dana Fluorescent Magnifying Lamp, White, 36""",581.17,14,81.56,0.25,3.5,4,0.0,0.14033759485176456,28.324324324324323
Dana Halogen Swing-Arm Architect Lamp,1114.3899999999999,28,288.42,0.06666666666666667,4.333333333333333,6,-66.66,0.2588142391801793,48.7027027027027
Dana Swing-Arm Lamps,108.92999999999999,15,-11.22,0.34285714285714286,4.285714285714286,7,0.0,-0.10300192784356928,87.78378378378379
"DataProducts Ampli Magnifier Task Lamp, Black,",508.73,21,99.57000000000001,0.12000000000000002,2.6,5,0.0,0.1957226819727557,59.945945945945944
Dax Clear Box Frame,96.03,14,15.370000000000001,0.19999999999999998,4.166666666666667,6,925.64,0.1600541497448714,21.783783783783782
Decoflex Hanging Personal Folder File,46.26,3,12.03,0.0,7.0,1,0.0,0.2600518806744488,4.540540540540539
"Decoflex Hanging Personal Folder File, Blue",518.11,35,124.13,0.044444444444444446,2.888888888888889,9,0.0,0.23958232807704927,73.62162162162163
Deflect-O Glasstique Clear Desk Accessories,124.74,17,37.03,0.06666666666666667,3.6666666666666665,3,0.0,0.2968574635241302,15.78378378378379
Deflect-o DuraMat Antistatic Studded Beveled Mat for Medium Pile Carpeting,1685.44,18,244.38,0.16,3.6,5,-77.27,0.14499477881146763,66.75675675675676
"Deflect-o DuraMat Lighweight, Studded, Beveled Mat for Low Pile Carpeting",673.87,17,72.07,0.06666666666666667,3.3333333333333335,6,-44.44,0.10694941160758009,97.51351351351352
"Deflect-o EconoMat Nonstudded, No Bevel Mat",702.44,14,123.96,0.06666666666666667,3.6666666666666665,3,87.5,0.1764705882352941,39.94594594594595
"Deflect-o EconoMat Studded, No Bevel Mat for Low Pile Carpeting",1115.6299999999999,33,-125.18,0.17777777777777778,4.111111111111111,9,-57.41,-0.11220565958247808,88.86486486486487
Deflect-o Glass Clear Studded Chair Mats,1579.37,26,318.37,0.028571428571428574,4.714285714285714,7,-33.33,0.20158037698576017,29.8918918918919
"Deflect-o RollaMat Studded, Beveled Mat for Medium Pile Carpeting",1623.25,26,-343.1,0.26666666666666666,4.0,6,2000.12,-0.21136608655475128,9.297297297297302
"Deflect-o SuperTray Unbreakable Stackable Tray, Letter, Black",437.70000000000005,18,138.32,0.15,4.25,4,0.0,0.31601553575508334,82.48648648648648
Dell Slim USB Multimedia Keyboard,125.0,5,30.0,0.0,5.0,2,0.0,0.24,4.540540540540539
Deluxe Chalkboard Eraser Cleaner,182.49,17,76.46000000000001,0.08,4.4,5,150.0,0.4189818620198367,86.97297297297297
Deluxe Heavy-Duty Vinyl Round Ring Binder,504.25,33,88.24,0.32857142857142857,4.857142857142857,7,-52.27,0.1749925632126921,69.56756756756756
Deluxe Rollaway Locking File with Drawer,5572.79,14,1380.72,0.08,3.8,5,8.0,0.24776099583870917,74.21621621621621
Design Ebony Sketching Pencil,13.62,11,2.3,0.06666666666666667,4.333333333333333,3,0.0,0.16886930983847284,16.27027027027027
Desktop 3-Pocket Hot File,259.68,5,59.51,0.1,4.5,2,0.0,0.22916666666666666,13.405405405405402
Dexim XPower Skin Super-Thin Power Case for iPhone 5 - Black,467.92,11,-14.620000000000001,0.20000000000000004,3.6666666666666665,3,0.0,-0.031244657206360063,23.675675675675677
Digium D40 VoIP phone,3044.16,27,571.4,0.1111111111111111,4.777777777777778,9,70.0,0.18770366866393356,82.97297297297297
Disposable Triple-Filter Dust Bags,43.7,10,11.36,0.0,3.75,4,-25.0,0.25995423340961094,78.75675675675676
"Dixon My First Ticonderoga Pencil, #2",95.94,19,17.03,0.15000000000000002,4.25,4,150.0,0.1775067750677507,91.67567567567568
"Dixon Prang Watercolor Pencils, 10-Color Set with Brush",110.76,27,42.900000000000006,0.05714285714285715,3.7142857142857144,7,-94.44,0.38732394366197187,33.45945945945946
Dixon Ticonderoga Core-Lock Colored Pencils,229.57999999999998,28,58.68,0.1142857142857143,4.428571428571429,7,0.0,0.2555971774544821,47.13513513513513
"Dixon Ticonderoga Core-Lock Colored Pencils, 48-Color Set",431.28999999999996,13,165.2,0.1,1.0,2,0.0,0.38303693570451436,33.513513513513516
"Dixon Ticonderoga Erasable Colored Pencil Set, 12-Color",75.35,14,20.09,0.1,5.5,2,24.99,0.2666224286662243,37.027027027027025
"Dixon Ticonderoga Maple Cedar Pencil, #2",23.330000000000002,8,4.91,0.06666666666666667,3.3333333333333335,3,-34.77,0.21045863694813544,31.891891891891888
Dixon Ticonderoga Pencils,37.55,13,9.27,0.06666666666666667,2.3333333333333335,3,87.42,0.24687083888149136,43.62162162162162
Document Clip Frames,45.04,6,16.009999999999998,0.1,2.0,2,0.0,0.3554618117229129,37.189189189189186
"Dot Matrix Printer Tape Reel Labels, White, 5000/Box",3322.87,36,1517.91,0.05,3.875,8,62.5,0.4568069169121874,98.54054054054055
"Dual Level, Single-Width Filing Carts",6574.54,43,1640.54,0.022222222222222223,3.6666666666666665,9,14.0,0.24952924463156356,99.94594594594595
Durable Pressboard Binders,37.239999999999995,11,15.09,0.1,5.0,2,0.0,0.40520945220193344,40.37837837837838
Easy-staple paper,2504.18,150,1096.0,0.06086956521739131,3.5869565217391304,46,125.19,0.43766821873826967,90.0
"Eaton Premium Continuous-Feed Paper, 25% Cotton, Letter Size, White, 1000 Shts/Box",1098.51,21,492.65999999999997,0.06000000000000001,4.2,10,346.15,0.4484802141082011,57.729729729729726
"Eberhard Faber 3 1/2"" Golf Pencils",139.87,20,28.27,0.05714285714285715,3.5714285714285716,7,135.99,0.20211625080431828,43.513513513513516
EcoTones Memo Sheets,52.8,15,21.6,0.06666666666666667,5.0,3,0.0,0.4090909090909091,4.540540540540539
Economy #2 Pencils,34.58,13,8.98,0.0,3.0,4,-33.33,0.25968768074031234,70.54054054054055
Economy Binders,29.96,19,9.809999999999999,0.30000000000000004,3.5,4,0.0,0.32743658210947924,10.864864864864865
Economy Rollaway Files,3138.8,20,693.8199999999999,0.08571428571428573,4.0,7,0.0,0.2210462597170893,64.10810810810811
"Eldon ""L"" Workstation Diamond Chairmat",1002.9300000000001,19,-267.45,0.3,4.25,4,0.0,-0.26666866082378626,60.86486486486486
Eldon 100 Class Desk Accessories,36.39,18,-4.84,0.3,4.5,4,0.0,-0.13300357241000274,45.567567567567565
Eldon 200 Class Desk Accessories,133.14000000000001,22,39.19,0.028571428571428574,3.142857142857143,7,-7.99,0.29435181012468076,53.2972972972973
"Eldon 200 Class Desk Accessories, Black",75.36,12,28.64,0.0,2.0,2,0.0,0.38004246284501064,19.189189189189193
"Eldon 200 Class Desk Accessories, Burgundy",135.65,25,44.58,0.12000000000000002,4.6,5,0.0,0.3286398820493918,64.16216216216216
"Eldon 200 Class Desk Accessories, Smoke",138.16,22,58.02,0.0,5.0,4,100.0,0.4199478865083961,36.27027027027027
"Eldon 300 Class Desk Accessories, Black",29.7,6,13.07,0.0,4.5,2,-80.0,0.4400673400673401,13.540540540540535
"Eldon 400 Class Desk Accessories, Black Carbon",159.25,22,47.61,0.16666666666666666,2.5,6,179.17,0.29896389324960754,20.432432432432435
Eldon 500 Class Desk Accessories,197.95,17,60.480000000000004,0.06666666666666667,3.3333333333333335,6,-69.84,0.3055316999242233,18.216216216216218
Eldon Advantage Chair Mats for Low to Medium Pile Carpets,563.03,13,56.29,0.0,4.4,5,-50.0,0.09997691064419303,83.56756756756756
Eldon Advantage Foldable Chair Mats for Low Pile Carpets,379.4,10,-48.78,0.19999999999999998,4.0,3,0.0,-0.1285714285714286,22.32432432432433
Eldon Antistatic Chair Mats for Low to Medium Pile Carpets,1431.94,14,46.33,0.05,4.25,4,0.0,0.03235470759948042,11.081081081081079
"Eldon Base for stackable storage shelf, platinum",872.26,25,-52.58,0.08571428571428573,3.7142857142857144,7,0.0,-0.06028019168596519,52.702702702702695
Eldon Cleatmat Chair Mats for Medium Pile Carpets,344.1,8,-42.17,0.3,5.0,4,0.0,-0.12255158384190643,66.05405405405406
Eldon Cleatmat Plus Chair Mats for High Pile Carpets,1304.13,20,-111.32,0.15999999999999998,5.4,5,0.0,-0.08535958838459355,37.78378378378379
Eldon ClusterMat Chair Mat with Cordless Antistatic Protection,1200.93,18,-256.56,0.15999999999999998,5.2,5,0.0,-0.2136344333141815,74.48648648648648
"Eldon Delta Triangular Chair Mat, 52"" x 58"", Clear",546.1899999999999,17,17.45,0.16666666666666666,3.3333333333333335,6,-10.53,0.03194858931873524,66.16216216216216
Eldon Econocleat Chair Mats for Low Pile Carpets,331.76,8,39.81,0.0,3.5,2,0.0,0.11999638292741742,30.054054054054056
Eldon Executive Woodline II Cherry Finish Desk Accessories,98.13,6,-78.51,0.6,4.5,2,100.0,-0.800061143381229,26.51351351351351
"Eldon Executive Woodline II Desk Accessories, Mahogany",361.86,17,50.010000000000005,0.24,3.4,5,0.0,0.13820261979771184,25.567567567567572
"Eldon Expressions Desk Accessory, Wood Pencil Holder, Oak",108.08,15,6.75,0.2,5.25,4,0.0,0.06245373797187269,22.432432432432435
"Eldon Expressions Desk Accessory, Wood Photo Frame, Mahogany",262.76,20,-7.6200000000000045,0.3,4.0,6,-53.84,-0.028999847769828,53.72972972972973
Eldon Expressions Mahogany Wood Desk Collection,93.6,15,23.4,0.0,5.0,2,0.0,0.25,8.594594594594597
"Eldon Expressions Punched Metal & Wood Desk Accessories, Black & Cherry",155.71,20,20.630000000000003,0.2,3.8,5,524.92,0.13248988504270762,45.62162162162162
"Eldon Expressions Punched Metal & Wood Desk Accessories, Pewter & Cherry",121.28999999999999,13,21.71,0.13333333333333333,4.666666666666667,3,0.0,0.17899249732047162,61.24324324324324
"Eldon Expressions Wood Desk Accessories, Oak",183.03,33,10.110000000000001,0.16666666666666666,4.416666666666667,12,11.44,0.0552368464186199,92.32432432432432
"Eldon Expressions Wood and Plastic Desk Accessories, Cherry Wood",160.54000000000002,23,46.56,0.0,3.6,5,0.0,0.2900211785224866,51.56756756756757
"Eldon Expressions Wood and Plastic Desk Accessories, Oak",149.70000000000002,15,41.92,0.0,4.6,5,0.0,0.2800267201068804,4.540540540540539
Eldon File Chest Portable File,79.4,5,5.96,0.2,4.0,1,0.0,0.07506297229219143,4.540540540540539
Eldon Fold 'N Roll Cart System,301.97,24,63.75,0.12000000000000002,5.0,5,175.0,0.21111368679007847,73.78378378378379
Eldon Gobal File Keepers,348.22,24,-0.5999999999999988,0.06666666666666667,3.5,6,962.68,-0.001723048647406808,24.540540540540544
Eldon Image Series Black Desk Accessories,48.85,12,17.05,0.04,4.0,5,26.65,0.3490276356192426,98.37837837837837
"Eldon Image Series Desk Accessories, Burgundy",111.19,31,28.24,0.125,3.875,8,120.0,0.2539796744311539,89.67567567567568
"Eldon Image Series Desk Accessories, Ebony",180.31,18,55.82,0.16,4.0,5,-86.67,0.3095779490876823,15.297297297297296
"Eldon Imàge Series Desk Accessories, Clear",53.46,17,6.359999999999999,0.26666666666666666,2.3333333333333335,3,0.0,0.11896745230078562,17.405405405405403
Eldon Jumbo ProFile Portable File Boxes Graphite/Black,36.74,3,3.67,0.2,5.0,1,0.0,0.09989112683723461,9.081081081081077
Eldon Mobile Mega Data Cart  Mega Stackable  Add-On Trays,709.5,30,205.75,0.0,3.5,6,-37.5,0.28999295278365045,98.16216216216216
Eldon Pizzaz Desk Accessories,37.46,19,13.73,0.1,4.75,4,0.0,0.3665242925787507,62.108108108108105
Eldon Portable Mobile Manager,899.3100000000001,34,197.4,0.06666666666666668,3.7777777777777777,9,-1.96,0.21950161790706207,96.97297297297297
Eldon ProFile File 'N Store Portable File Tub Letter/Legal Size Black,614.05,35,127.44,0.1142857142857143,4.142857142857143,7,0.0,0.20754010259750835,22.864864864864863
Eldon Radial Chair Mat for Low to Medium Pile Carpets,775.61,20,135.93,0.06666666666666667,3.5,6,57.14,0.17525560526553294,72.5945945945946
"Eldon Regeneration Recycled Desk Accessories, Black",39.69,9,13.12,0.06666666666666667,4.666666666666667,3,0.0,0.3305618543713782,29.35135135135135
"Eldon Regeneration Recycled Desk Accessories, Smoke",33.75,21,8.91,0.08,4.2,5,-60.06,0.264,83.45945945945947
Eldon Shelf Savers Cubes and Bins,300.14,45,-7.66,0.05,3.375,8,415.01,-0.02552142333577664,80.0
Eldon Simplefile Box Office,345.83,30,77.13,0.07500000000000001,4.75,8,-15.22,0.22302865569788624,96.75675675675676
"Eldon Spacemaker Box, Quick-Snap Lid, Clear",50.76,18,9.27,0.16666666666666666,4.5,6,600.37,0.1826241134751773,78.48648648648648
"Eldon Stackable Tray, Side-Load, Legal, Smoke",155.38,17,52.83,0.0,3.2,5,33.33,0.3400051486677822,50.8108108108108
Eldon Wave Desk Accessories,266.73,61,98.99000000000001,0.15714285714285717,5.142857142857143,14,504.96,0.37112435796498333,33.40540540540541
Electrix 20W Halogen Replacement Bulb for Zoom-In Desk Lamp,168.84,13,78.25,0.04,5.0,5,0.0,0.4634565268893627,12.972972972972974
"Electrix Architect's Clamp-On Swing Arm Lamp, Black",2577.42,30,544.13,0.15,4.0,4,-77.27,0.21111421499018398,15.027027027027028
Electrix Fluorescent Magnifier Lamps & Weighted Base,463.79999999999995,11,73.03,0.1,6.0,2,-53.13,0.15746011211729197,24.972972972972972
Electrix Halogen Magnifier Lamp,2759.06,17,314.77,0.2333333333333333,2.6666666666666665,6,-72.97,0.11408595681137779,72.8108108108108
"Electrix Incandescent Magnifying Lamp, Black",117.28,5,-16.490000000000002,0.4,4.0,2,0.0,-0.1406036834924966,4.540540540540539
"Elite 5"" Scissors",179.14,24,37.16,0.08571428571428573,3.142857142857143,7,-58.82,0.20743552528748466,41.891891891891895
Embossed Ink Jet Note Cards,284.38,15,108.34,0.15000000000000002,3.5,4,0.0,0.3809691258175681,4.540540540540539
Enermax Acrylux Wireless Keyboard,2450.16,29,630.47,0.10000000000000002,5.166666666666667,6,0.0,0.25731788944395473,16.162162162162165
Enermax Aurora Lite Keyboard,1641.1499999999999,21,722.12,0.0,3.4,5,-28.57,0.4400085306035402,74.37837837837837
Enermax Briskie RF Wireless Keyboard and Mouse Combo,469.4,24,150.37,0.04,3.8,5,0.0,0.32034512143161487,20.594594594594597
Epson Perfection V600 Photo Scanner,206.99,3,-172.49,0.7,4.0,1,0.0,-0.8333252814145611,4.540540540540539
Epson TM-T88V Direct Thermal Printer - Monochrome - Desktop,1212.71,10,-1057.23,0.55,3.5,2,0.0,-0.8717912773870092,38.5945945945946
"Epson WorkForce WF-2530 All-in-One Printer, Copier Scanner",279.96,4,120.39000000000001,0.0,3.0,2,0.0,0.4300257179597086,4.540540540540539
Eureka Disposable Bags for Sanitaire Vibra Groomer I Upright Vac,1.62,2,-4.47,0.8,4.0,1,0.0,-2.759259259259259,4.540540540540539
"Eureka Hand Vacuum, Bagless",197.72,4,55.36,0.0,3.0,1,0.0,0.279991907748331,8.594594594594597
"Eureka Recycled Copy Paper 8 1/2"" x 11"", Ream",110.16,19,46.13,0.13333333333333333,4.0,6,-71.43,0.41875453885257813,76.54054054054053
Eureka Sanitaire  Commercial Upright,1524.53,12,53.03,0.3333333333333333,3.0,3,-90.0,0.03478449095786899,45.513513513513516
"Eureka Sanitaire  Multi-Pro Heavy-Duty Upright, Disposable Bags",83.9,22,12.75,0.12000000000000002,5.8,5,239.99,0.15196662693682955,27.35135135135135
Eureka The Boss Cordless Rechargeable Stick Vac,948.23,19,241.13,0.03333333333333333,4.333333333333333,6,140.0,0.2542948440779136,74.75675675675676
"Eureka The Boss Lite 10-Amp Upright Vacuum, Blue",1042.08,13,291.78,0.0,4.75,4,350.0,0.27999769691386456,31.189189189189193
"Eureka The Boss Plus 12-Amp Hard Box Upright Vacuum, Red",1674.4,20,146.51000000000002,0.21666666666666667,4.166666666666667,6,-51.35,0.08750000000000001,70.16216216216216
Euro Pro Shark Stick Mini Vacuum,170.74,11,-325.64,0.6,4.666666666666667,3,150.02,-1.9072273632423566,22.270270270270267
Euro-Pro Shark Turbo Vacuum,693.95,24,143.73,0.05000000000000001,4.0,6,0.0,0.20711866849196625,41.729729729729726
"Executive Impressions 10"" Spectator Wall Clock",258.72,22,87.97,0.0,3.8,5,0.0,0.34002009894867036,48.5945945945946
"Executive Impressions 12"" Wall Clock",176.7,14,23.33,0.26666666666666666,3.6666666666666665,6,100.0,0.1320316921335597,70.91891891891892
"Executive Impressions 13"" Chairman Wall Clock",253.8,11,72.33,0.06666666666666667,3.6666666666666665,3,0.0,0.28498817966903073,78.86486486486486
"Executive Impressions 13"" Clairmont Wall Clock",315.37,20,88.46,0.22499999999999998,4.75,8,-95.12,0.2804959254209341,63.94594594594595
"Executive Impressions 13-1/2"" Indoor/Outdoor Wall Clock",56.099999999999994,3,21.32,0.0,4.5,2,0.0,0.38003565062388595,26.51351351351351
"Executive Impressions 14""",377.90999999999997,17,166.29,0.0,5.25,4,-90.91,0.4400254028737001,36.16216216216216
"Executive Impressions 14"" Contract Wall Clock",346.78999999999996,17,93.59,0.05714285714285715,3.5714285714285716,7,38.89,0.2698751405749878,95.24324324324324
"Executive Impressions 14"" Contract Wall Clock with Quartz Movement",97.81,8,-1.7699999999999996,0.4,4.5,2,0.0,-0.018096309170841422,38.054054054054056
"Executive Impressions 14"" Two-Color Numerals Wall Clock",308.99,16,94.50999999999999,0.13333333333333333,4.333333333333333,6,0.0,0.30586750380271205,24.378378378378372
"Executive Impressions 16-1/2"" Circular Wall Clock",58.78,4,-1.0700000000000003,0.3,4.0,2,-16.66,-0.018203470568220487,38.108108108108105
"Executive Impressions 8-1/2"" Career Panel/Partition Cubicle Clock",66.56,7,18.51,0.1,4.0,2,0.0,0.2780949519230769,4.540540540540539
Executive Impressions Supervisor Wall Clock,867.2599999999999,21,266.08,0.05,2.75,4,0.0,0.306805340958882,9.783783783783784
Faber Castell Col-Erase Pencils,37.16,8,14.08,0.08,4.2,5,275.19,0.37890204520990317,82.16216216216216
Fashion Color Clasp Envelopes,77.9,15,36.519999999999996,0.06666666666666667,4.666666666666667,3,0.0,0.4688061617458279,29.94594594594595
Fellowes 8 Outlet Superior Workstation Surge Protector,759.12,20,166.85,0.08,3.4,5,50.0,0.21979397196754136,67.13513513513514
Fellowes 8 Outlet Superior Workstation Surge Protector w/o Phone/Fax/Modem Protection,665.68,25,43.71000000000001,0.2,4.2,5,0.0,0.06566218002643914,16.10810810810811
Fellowes Advanced 8 Outlet Surge Suppressor with Phone/Fax Protection,244.29000000000002,10,41.64,0.13333333333333333,4.0,3,0.0,0.1704531499447378,14.864864864864868
Fellowes Advanced Computer Series Surge Protectors,386.75,15,100.66,0.03333333333333333,4.333333333333333,6,15.39,0.2602714932126697,97.62162162162163
Fellowes Bankers Box Recycled Super Stor/Drawer,1187.56,24,-30.220000000000002,0.08571428571428573,2.5714285714285716,7,0.0,-0.025447135302637345,30.756756756756754
Fellowes Bankers Box Staxonsteel Drawer File/Stacking System,2612.19,43,153.35,0.07500000000000001,3.625,8,-13.48,0.05870553060841669,66.86486486486487
Fellowes Bankers Box Stor/Drawer Steel Plus,1426.31,50,-12.8,0.10000000000000002,4.083333333333333,12,43.48,-0.008974206168364522,90.27027027027027
Fellowes Bases and Tops For Staxonsteel/High-Stak Systems,858.88,26,201.07999999999998,0.02,4.3,10,333.33,0.23411885245901637,77.72972972972974
Fellowes Basic Home/Office Series Surge Protectors,436.13,41,58.28,0.13333333333333333,4.0,9,300.0,0.13362988099878478,27.729729729729733
Fellowes Binding Cases,271.44,31,71.95,0.27999999999999997,3.6,5,250.0,0.26506778661951075,83.94594594594594
Fellowes Black Plastic Comb Bindings,102.26,34,-4.42,0.4111111111111111,4.111111111111111,9,51.14,-0.0432231566594954,90.75675675675676
Fellowes Command Center 5-outlet power strip,664.83,15,-78.02,0.25,3.0,4,300.0,-0.1173533083645443,54.0
Fellowes Desktop Hanging File Manager,201.45000000000002,15,50.37,0.0,2.75,4,50.0,0.25003723008190615,94.32432432432432
Fellowes Econo/Stor Drawers,581.58,7,-56.21999999999999,0.1,3.0,2,0.0,-0.09666769833900751,4.540540540540539
Fellowes High-Stak Drawer Files,3946.66,26,419.33,0.125,3.5,8,0.0,0.10624933488063325,88.8108108108108
Fellowes Mighty 8 Compact Surge Protector,344.58,19,67.3,0.10000000000000002,4.166666666666667,6,-35.48,0.19531023274711243,75.56756756756758
"Fellowes Mobile File Cart, Black",2300.66,40,485.03,0.06000000000000001,3.8,10,130.19,0.21082211191571115,33.24324324324325
Fellowes Neat Ideas Storage Cubes,480.7,16,-18.18,0.08571428571428573,4.285714285714286,7,-70.0,-0.037819846057832326,68.5945945945946
Fellowes Officeware Wire Shelving,4509.47,55,-332.36,0.07272727272727274,3.909090909090909,11,260.0,-0.07370267459368839,89.1891891891892
Fellowes PB200 Plastic Comb Binding Machine,4181.76,38,693.56,0.3222222222222222,4.555555555555555,9,-25.0,0.16585361187633912,96.48648648648648
Fellowes PB300 Plastic Comb Binding Machine,8070.2,27,2518.06,0.2333333333333333,4.5,6,0.0,0.3120195286362172,37.45945945945945
Fellowes PB500 Electric Punch Plastic Comb Binding Machine with Manual Bind,27453.38,31,7753.04,0.24,4.2,10,222.22,0.2824074849799915,54.59459459459459
"Fellowes Personal Hanging Folder Files, Navy",284.72,24,52.64,0.1,2.5,4,0.0,0.18488339421185726,36.05405405405405
Fellowes Powershred HS-440 4-Sheet High Security Shredder,2541.84,17,1092.68,0.06666666666666667,4.0,3,358.33,0.42987756900513013,37.83783783783784
"Fellowes Premier Superior Surge Suppressor, 10-Outlet, With Phone and Remote",929.48,21,169.28,0.14285714285714285,4.428571428571429,7,400.01,0.18212333778026424,84.32432432432432
Fellowes Presentation Covers for Comb Binding Machines,133.86,14,21.820000000000004,0.4,2.5,2,0.0,0.16300612580307786,11.567567567567572
Fellowes Recycled Storage Drawers,1287.95,12,48.849999999999994,0.06666666666666667,3.0,3,0.0,0.03792849101284987,20.05405405405405
"Fellowes Smart Surge Ten-Outlet Protector, Platinum",180.66,3,50.58,0.0,5.0,1,0.0,0.27997343075390235,4.540540540540539
Fellowes Staxonsteel Drawer Files,4829.25,26,509.98,0.028571428571428574,4.857142857142857,7,-41.67,0.10560231920070405,78.37837837837837
Fellowes Stor/Drawer Steel Plus Storage Drawers,3397.3100000000004,37,78.25,0.05,3.375,8,0.0,0.023032928993821578,44.10810810810811
"Fellowes Strictly Business Drawer File, Letter/Legal Size",4479.03,33,388.76,0.05714285714285715,4.285714285714286,7,0.0,0.08679557850695352,27.135135135135137
Fellowes Super Stor/Drawer,477.3,18,67.7,0.05,2.5,4,0.0,0.1418395139325372,15.081081081081082
Fellowes Super Stor/Drawer Files,4006.44,27,473.34000000000003,0.06666666666666668,4.222222222222222,9,0.0,0.11814478689310211,59.56756756756757
Fellowes Superior 10 Outlet Split Surge Protector,867.76,30,57.08,0.2666666666666667,3.888888888888889,9,0.0,0.06577855628284318,59.13513513513513
"Fellowes Twister Kit, Gray/Clear, 3/pkg",182.52,42,-3.2099999999999973,0.43,4.4,10,87.46,-0.017587113740959878,86.5945945945946
File Shuttle I and Handi-File,262.66,13,51.410000000000004,0.13333333333333333,4.333333333333333,3,-65.72,0.19572831797761364,50.32432432432432
"File Shuttle II and Handi-File, Black",1125.14,34,260.94,0.05714285714285715,3.2857142857142856,7,18.87,0.23191780578416907,80.5945945945946
First Data FD10 PIN Pad,1722.2,24,15.800000000000004,0.08,4.0,5,-30.0,0.009174311926605507,95.2972972972973
First Data TMFD35 PIN Pad,571.2,4,119.94999999999999,0.0,4.5,2,-66.67,0.20999649859943975,19.351351351351354
"Fiskars 8"" Scissors, 2/Pack",217.23,14,45.86,0.1,5.0,4,-75.61,0.21111264558302262,42.59459459459459
Fiskars Home & Office Scissors,97.68,11,27.349999999999998,0.0,5.333333333333333,3,0.0,0.27999590499590493,4.540540540540539
Fiskars Softgrip Scissors,307.44,28,86.08,0.0,4.428571428571429,7,-61.11,0.2799895914650013,42.21621621621622
Fiskars Spring-Action Scissors,75.49000000000001,6,13.42,0.1,4.25,4,-10.01,0.1777718903165982,80.97297297297297
Flat Face Poster Frame,678.25,51,120.97,0.3,4.166666666666667,12,138.22,0.1783560633984519,67.56756756756756
Flexible Leather- Look Classic Collection Ring Binder,142.04,13,18.93,0.3833333333333333,4.833333333333333,6,-70.01,0.13327231765699804,86.70270270270271
"Floodlight Indoor Halogen Bulbs, 1 Bulb per Pack, 60 Watts",434.56,24,197.10000000000002,0.13333333333333333,4.333333333333333,6,-63.64,0.45356222385861567,82.75675675675676
Fluorescent Highlighters by Dixon,90.75,26,22.45,0.12000000000000002,3.8,5,0.0,0.24738292011019283,18.918918918918916
G.E. Halogen Desk Lamp Bulbs,62.82,11,22.89,0.15999999999999998,4.2,5,25.09,0.3643744030563515,57.027027027027025
G.E. Longer-Life Indoor Recessed Floodlight Bulbs,81.01,16,25.76,0.2333333333333333,2.6666666666666665,6,120.03,0.31798543389704975,96.91891891891892
GBC Binding covers,137.26999999999998,11,58.92,0.06666666666666667,3.6666666666666665,3,-60.0,0.4292270707365048,62.21621621621621
"GBC Clear Cover, 8-1/2 x 11, unpunched, 25 covers per pack",136.44,15,13.64,0.375,4.25,4,-33.32,0.09997068308413956,81.72972972972973
GBC DocuBind 200 Manual Binding Machine,4209.8099999999995,15,1052.46,0.325,4.75,4,250.0,0.2500017815530868,53.837837837837846
GBC DocuBind 300 Electric Binding Machine,6785.14,23,494.42,0.4125,4.25,8,450.0,0.07286806167595658,35.189189189189186
GBC DocuBind P100 Manual Binding Machine,2954.44,27,489.62000000000006,0.25,3.875,8,191.67,0.16572345351403314,93.2972972972973
GBC DocuBind P400 Electric Binding System,17965.07,27,-1878.17,0.45,3.8333333333333335,6,30.0,-0.10454565442828778,79.56756756756756
GBC DocuBind P50 Personal Binding Machine,2264.89,50,569.4,0.33999999999999997,3.9,10,9.73,0.2514029378910234,85.94594594594595
GBC DocuBind TL200 Manual Binding Machine,4322.8099999999995,23,1592.48,0.21666666666666667,3.5,6,0.0,0.3683900055750774,14.270270270270268
GBC DocuBind TL300 Electric Binding System,19823.47,37,2233.5,0.3,4.818181818181818,11,510.0,0.112669477139976,57.513513513513516
GBC Durable Plastic Covers,369.59,34,14.309999999999997,0.35,3.625,8,347.56,0.03871858004816147,61.027027027027025
GBC Ibimaster 500 Manual ProClick Binding System,19024.5,48,760.9799999999996,0.5222222222222223,3.6666666666666665,9,-94.08,0.03999999999999998,28.75675675675675
GBC Imprintable Covers,241.56,36,39.96,0.3625,4.125,8,291.69,0.165424739195231,55.567567567567565
GBC Instant Index System for Binding Systems,71.93,19,-12.43,0.48,4.2,5,0.0,-0.17280689559293755,30.918918918918912
GBC Instant Report Kit,164.98,50,3.2300000000000004,0.49230769230769234,4.153846153846154,13,111.3,0.019578130682506974,50.75675675675675
"GBC Laser Imprintable Binding System Covers, Desert Sand",146.99,17,18.400000000000002,0.35000000000000003,4.5,6,0.0,0.1251785835771141,79.8918918918919
GBC Linen Binding Covers,207.57,18,-82.41000000000001,0.5499999999999999,3.5,6,55.56,-0.3970226911403383,94.91891891891892
GBC Personal VeloBind Strips,156.92000000000002,27,-11.270000000000001,0.42857142857142855,5.285714285714286,7,-83.93,-0.07182003568697426,78.54054054054053
GBC Plastic Binding Combs,172.70000000000002,30,59.77,0.26,3.1,10,-88.89,0.3460914881297047,44.648648648648646
GBC Plasticlear Binding Covers,68.88,23,-68.42999999999999,0.7285714285714285,4.714285714285714,7,28.58,-0.9934668989547037,69.08108108108108
GBC Poly Designer Binding Covers,256.13,18,102.44,0.21666666666666665,4.0,6,-16.97,0.39995314879162924,96.54054054054055
"GBC Pre-Punched Binding Paper, Plastic, White, 8-1/2"" x 11""",310.2,31,52.43,0.2875,4.5,8,-67.31,0.1690199871050935,67.94594594594594
GBC Premium Transparent Covers with Diagonal Lined Pattern,780.45,67,49.510000000000005,0.39999999999999997,3.7142857142857144,14,26.32,0.06343776026651292,83.67567567567568
"GBC Prepunched Paper, 19-Hole, for Binding Systems, 24-lb",343.73,32,84.37,0.3857142857142857,4.571428571428571,7,66.0,0.24545428097634772,81.94594594594595
GBC Prestige Therm-A-Bind Covers,1073.91,39,364.72,0.16999999999999998,4.0,10,148.0,0.339618776247544,93.13513513513514
GBC ProClick 150 Presentation Binding System,3222.99,22,-461.32000000000005,0.5,4.0,5,140.0,-0.14313417044421486,23.24324324324324
GBC ProClick Punch Binding System,1573.91,31,562.38,0.24285714285714285,3.857142857142857,7,-31.43,0.35731395060708676,60.97297297297297
GBC ProClick Spines for 32-Hole Punch,66.41,12,-13.280000000000001,0.44000000000000006,3.2,5,-56.75,-0.1999698840536064,23.783783783783786
GBC Recycled Grain Textured Covers,466.3,20,107.06,0.4,5.2,5,0.0,0.22959468153549217,62.86486486486487
GBC Recycled Regency Composition Covers,1291.25,26,451.94,0.2333333333333333,3.6666666666666665,6,0.0,0.35000193610842206,50.91891891891892
GBC Recycled VeloBinder Covers,487.34000000000003,42,100.86999999999999,0.35,3.875,8,-60.87,0.20698075265728236,72.05405405405405
GBC Standard Plastic Binding Systems Combs,55.76,13,-2.9300000000000006,0.5,4.6,5,106.29,-0.052546628407460556,61.945945945945944
GBC Standard Plastic Binding Systems' Combs,108.65,30,5.020000000000001,0.425,3.375,8,246.71,0.04620340543028073,65.56756756756756
"GBC Standard Recycled Report Covers, Clear Plastic Sheets",258.72,51,-27.17,0.4916666666666667,3.6666666666666665,12,12.71,-0.10501700680272108,97.45945945945947
GBC Standard Therm-A-Bind Covers,466.01000000000005,34,8.499999999999993,0.48333333333333334,4.333333333333333,12,-41.09,0.01823995193236195,94.86486486486486
GBC Therma-A-Bind 250T Electric Binding System,1180.7,12,413.24,0.2,3.0,2,0.0,0.34999576522401965,41.0
GBC Twin Loop Wire Binding Elements,1041.67,47,259.59,0.37,4.3,10,23.2,0.24920560254207183,54.75675675675675
"GBC Twin Loop Wire Binding Elements, 9/16"" Spine, Black",269.41,35,-2.270000000000003,0.3888888888888889,4.333333333333333,9,-53.56,-0.008425819383096406,95.51351351351352
GBC VeloBind Cover Sets,342.77,42,18.53,0.4636363636363636,3.3636363636363638,11,126.56,0.054059573474924884,65.67567567567568
GBC VeloBinder Electric Binding Machine,496.02,15,-411.33,0.725,3.5,4,-33.33,-0.8292609168985121,57.8918918918919
GBC VeloBinder Manual Binding System,842.16,30,280.71,0.275,4.25,8,937.57,0.33332145910515815,28.702702702702698
GBC VeloBinder Strips,52.989999999999995,20,-23.81,0.55,2.25,4,-37.49,-0.4493300622759011,71.89189189189189
"GBC Velobind Prepunched Cover Sets, Regency Series",661.9399999999999,33,-9.25,0.41428571428571426,4.428571428571429,7,318.5,-0.013974076200259844,44.54054054054054
"GBC White Gloss Covers, Plain Front",269.33000000000004,31,31.419999999999995,0.5,5.571428571428571,7,-7.49,0.11665985965172833,70.70270270270271
GBC Wire Binding Combs,184.06,26,41.58,0.37142857142857144,4.714285714285714,7,380.08,0.22590459632728457,82.91891891891892
GBC Wire Binding Strips,212.66000000000003,14,-18.41,0.5,4.6,5,0.0,-0.08657011191573402,9.24324324324325
GE 2-Jack Phone Line Splitter,1771.52,11,94.75999999999999,0.20000000000000004,4.333333333333333,3,0.0,0.05349078757225433,80.05405405405406
GE 30522EE2,1159.9,10,336.37,0.0,3.3333333333333335,3,50.0,0.2899991378567118,64.35135135135135
GE 30524EE4,5291.74,32,838.84,0.15555555555555556,2.6666666666666665,9,167.86,0.1585187480866407,60.64864864864865
"GE 4 Foot Flourescent Tube, 40 Watt",98.87,7,42.239999999999995,0.06666666666666667,3.6666666666666665,3,0.0,0.4272276727015272,12.648648648648653
"GE 48"" Fluorescent Tube, Cool White Energy Saver, 34 Watts, 30/Box",2699.05,29,1260.22,0.07500000000000001,4.0,8,-25.93,0.46691243215205347,79.24324324324324
GE DSL Phone Line Filter,495.88,15,69.99,0.1,4.5,4,400.0,0.141143018472211,50.16216216216216
"GE General Purpose, Extra Long Life, Showcase & Floodlight Incandescent Bulbs",45.4,20,14.55,0.2285714285714286,3.7142857142857144,7,-58.17,0.3204845814977974,23.29729729729729
"GE General Use Halogen Bulbs, 100 Watts, 1 Bulb per Pack",163.32999999999998,15,3.1400000000000006,0.39999999999999997,4.666666666666667,3,0.0,0.01922488214045185,38.54054054054053
Gear Head AU3700S Headset,189.65,16,-11.950000000000001,0.06666666666666667,5.0,3,250.0,-0.06301080938571052,59.405405405405396
Geemarc AmpliPOWER60,3415.04,46,384.18,0.18181818181818182,3.727272727272727,11,39.53,0.11249648613193404,98.43243243243244
"Geographics Note Cards, Blank, White, 8 1/2"" x 11""",76.09,8,29.54,0.13333333333333333,4.333333333333333,3,0.0,0.38822447102115915,4.540540540540539
"Global Adaptabilites Bookcase, Cherry/Storm Gray Finish",3447.84,8,206.87,0.0,4.0,2,0.0,0.05999988398533575,4.540540540540539
Global Adaptabilities Conference Tables,3540.3500000000004,14,354.03999999999996,0.15000000000000002,4.0,4,0.0,0.10000141228974534,4.540540540540539
"Global Airflow Leather Mesh Back Chair, Black",3955.67,32,573.72,0.15555555555555556,4.777777777777778,9,-0.0,0.14503737672758346,82.5945945945946
"Global Armless Task Chair, Royal Blue",1396.44,28,-20.730000000000004,0.175,4.0,8,27.27,-0.014844891295007306,54.648648648648646
Global Chrome Stack Chair,815.86,32,15.090000000000002,0.26666666666666666,4.666666666666667,6,100.01,0.018495820361336505,65.51351351351352
Global Comet Stacking Arm Chair,6084.139999999999,17,697.13,0.16,4.2,5,-60.38,0.11458151850549134,60.05405405405405
Global Comet Stacking Armless Chair,3528.79,14,514.36,0.16666666666666666,2.6666666666666665,6,0.0,0.14576101156487067,68.81081081081082
Global Commerce Series High-Back Swivel/Tilt Chairs,7979.43,33,926.1800000000001,0.16666666666666666,4.0,9,66.0,0.11607094742356285,83.18918918918918
Global Commerce Series Low-Back Swivel/Tilt Chairs,4420.0599999999995,24,41.11000000000001,0.2714285714285714,3.142857142857143,7,519.05,0.009300778722460783,21.72972972972973
Global Deluxe High-Back Manager's Chair,8665.21,35,1558.59,0.1875,4.375,8,31.25,0.17986753927487045,45.2972972972973
Global Deluxe High-Back Office Chair in Storm,1087.92,10,-149.60000000000002,0.20000000000000004,3.3333333333333335,3,-33.33,-0.1375101110375763,32.97297297297297
Global Deluxe Office Fabric Chairs,1420.5,17,229.39,0.11666666666666668,4.0,6,0.0,0.16148539246744104,60.810810810810814
"Global Deluxe Stacking Chair, Gray",764.6899999999999,19,76.97,0.21428571428571427,4.142857142857143,7,25.0,0.10065516745347788,96.70270270270271
Global Deluxe Steno Chair,1770.53,29,-216.29,0.21000000000000002,4.2,10,65.63,-0.1221611607823646,82.32432432432432
Global Enterprise Series Seating High-Back Swivel/Tilt Chairs,2032.35,10,-460.67,0.25,3.0,4,-44.74,-0.2266686348315989,63.891891891891895
Global Enterprise Series Seating Low-Back Swivel/Tilt Chairs,207.18,1,25.9,0.2,4.0,1,0.0,0.12501206680181484,8.594594594594597
Global Ergonomic Managers Chair,6008.54,39,785.4300000000001,0.13636363636363635,4.181818181818182,11,90.11,0.13071894337060253,61.78378378378378
Global Executive Mid-Back Manager's Chair,4626.58,18,750.72,0.11666666666666665,3.6666666666666665,6,-35.71,0.16226240549174553,55.02702702702702
"Global Fabric Manager's Chair, Dark Gray",3150.58,35,499.87,0.13333333333333333,4.0,9,116.67,0.15865967536136205,92.8108108108108
"Global Geo Office Task Chair, Gray",1757.26,25,-166.02,0.17142857142857146,4.571428571428571,7,71.43,-0.0944766283873758,77.13513513513513
"Global High-Back Leather Tilter, Burgundy",5436.15,54,-474.74,0.18571428571428572,4.214285714285714,14,-22.58,-0.08733018772476846,93.4054054054054
Global Highback Leather Tilter in Burgundy,2647.82,34,49.129999999999995,0.14444444444444446,3.3333333333333335,9,157.14,0.018554886661480006,82.8108108108108
Global Italian Leather Office Chair,969.25,8,204.32999999999998,0.15,2.5,2,0.0,0.21081248387928808,4.540540540540539
"Global Leather & Oak Executive Chair, Burgundy",1689.97,13,-114.67,0.18,4.0,5,-40.0,-0.06785327550193199,84.54054054054055
Global Leather Executive Chair,5861.52,21,701.99,0.18571428571428572,4.571428571428571,7,-51.51,0.11976245069538276,69.72972972972973
"Global Leather Highback Executive Chair with Pneumatic Height Adjustment, Black",5707.85,37,279.35,0.22000000000000003,3.7,10,-84.91,0.048941370218208255,87.67567567567568
"Global Leather Task Chair, Black",1448.8500000000001,19,63.89,0.1375,3.375,8,69.64,0.044097042481968454,43.945945945945944
"Global Leather and Oak Executive Chair, Black",6410.87,26,854.7800000000001,0.175,4.25,8,108.16,0.13333291737314906,83.89189189189189
Global Low Back Tilter Chair,1746.9499999999998,21,-246.37999999999997,0.1875,3.75,8,62.5,-0.14103437419502562,85.29729729729729
"Global Manager's Adjustable Task Chair, Storm",2959.21,23,493.70000000000005,0.11666666666666665,3.3333333333333335,6,0.0,0.16683506746733082,40.43243243243243
"Global Push Button Manager's Chair, Indigo",2185.96,44,283.74,0.2,4.0,9,0.0,0.12980109425607056,63.783783783783775
"Global Stack Chair with Arms, Black",803.47,31,125.01,0.14285714285714285,3.142857142857143,7,0.0,0.1555876386174966,58.05405405405406
"Global Stack Chair without Arms, Black",901.51,44,44.169999999999995,0.17142857142857143,3.4285714285714284,7,-18.34,0.04899557409235615,97.18918918918918
Global Super Steno Chair,2389.9,30,-0.009999999999999787,0.14285714285714285,4.0,7,606.24,-4.18427549269835e-06,83.02702702702702
"Global Task Chair, Black",463.1,12,-80.41,0.24,4.2,5,-2.17,-0.17363420427553442,40.54054054054054
Global Troy Executive Leather Low-Back Tilter,12975.39,32,951.87,0.2,4.0,9,-15.45,0.07335964468120033,80.21621621621622
"Global Value Mid-Back Manager's Chair, Gray",1978.93,39,197.89,0.16,3.0,10,24.24,0.09999848402924812,99.72972972972973
"Global Value Steno Chair, Gray",2204.85,43,246.01,0.16,4.5,10,-47.01,0.1115767512529197,94.05405405405405
"Global Wood Trimmed Manager's Task Chair, Khaki",4166.89,59,-503.12,0.2285714285714286,3.5714285714285716,14,100.98,-0.12074232821120787,85.78378378378379
Globe Weis Peel & Seel First Class Envelopes,375.73,30,164.85,0.028571428571428574,3.857142857142857,7,-66.67,0.43874590796582646,78.21621621621621
Google Nexus 5,3815.79,23,710.95,0.12000000000000002,5.0,5,608.33,0.18631790533546136,17.243243243243246
"Gould Plastics 18-Pocket Panel Bin, 34w x 5-1/4d x 20-1/2h",2299.7400000000002,28,-172.95,0.12000000000000002,3.7,10,96.0,-0.0752041535130058,95.02702702702702
"Gould Plastics 9-Pocket Panel Bin, 18-3/8w x 5-1/4d x 20-1/2h, Black",953.8100000000001,20,-63.589999999999996,0.10000000000000002,4.833333333333333,6,0.0,-0.06666946247156141,69.51351351351352
Grandstream GXP1160 VoIP phone,803.69,24,157.7,0.10000000000000002,5.333333333333333,6,644.42,0.19621993554728812,48.21621621621621
Grandstream GXP2100 Mainstream Business Phone,596.62,10,45.900000000000006,0.25,4.0,4,0.0,0.07693339143843654,40.16216216216216
Great White Multi-Use Recycled Paper (20Lb. and 84 Bright),169.83,32,64.56,0.07500000000000001,4.125,8,-74.12,0.380144850733086,51.83783783783784
Green Bar Computer Printout Paper,857.38,17,380.87,0.04,3.4,5,1060.01,0.44422543096409994,21.83783783783784
"Green Canvas Binder for 8-1/2"" x 14"" Sheets",569.24,19,162.64000000000001,0.25999999999999995,5.4,5,33.33,0.28571428571428575,93.35135135135135
Griffin GC17055 Auxiliary Audio Cable,395.78,27,46.06,0.16666666666666666,4.5,6,87.49,0.11637778563848604,55.67567567567567
Griffin GC36547 PowerJolt SE Lightning Charger,175.41,10,17.990000000000002,0.26666666666666666,3.0,3,0.0,0.10255971723390914,25.189189189189186
Grip Seal Envelopes,7.07,2,2.39,0.2,5.0,1,0.0,0.33804809052333806,0.432432432432428
GuestStacker Chair with Chrome Finish Legs,9070.93,31,773.25,0.225,4.0,8,0.0,0.08524484259056127,78.97297297297298
HON 5400 Series Task Chairs for Big and Tall,21870.57,39,0.0,0.2,3.125,8,56.06,0.0,98.97297297297297
"HP Designjet T520 Inkjet Large Format Printer - 24"" Color",18374.89,12,4094.9799999999996,0.16666666666666666,4.666666666666667,3,0.0,0.2228573885340266,39.45945945945945
HP Office Paper (20Lb. and 87 Bright),86.84,14,38.21,0.1,4.0,2,-55.56,0.44000460617227083,24.297297297297295
HP Office Recycled Paper (20Lb. and 87 Bright),106.35,19,50.35,0.05,4.75,4,-8.58,0.4734367653972732,79.1891891891892
"HP Officejet Pro 8600 e-All-In-One Printer, Copier, Scanner, Fax",449.97,4,48.0,0.25,2.5,2,0.0,0.10667377825188346,4.540540540540539
HP Standard 104 key PS/2 Keyboard,275.5,20,58.0,0.06666666666666667,3.6666666666666665,6,-70.0,0.21052631578947367,71.83783783783784
HTC One,1119.9,14,126.0,0.2,4.0,4,0.0,0.11251004553978033,65.4054054054054
HTC One Mini,2041.03,19,317.49999999999994,0.15000000000000002,3.75,4,0.0,0.1555587130027486,49.62162162162163
Hammermill Color Copier Paper (28Lb. and 96 Bright),29.97,3,13.49,0.0,4.5,2,0.0,0.4501167834501168,4.540540540540539
Hammermill CopyPlus Copy Paper (20Lb. and 84 Bright),32.870000000000005,7,15.09,0.06666666666666667,3.3333333333333335,3,0.0,0.4590812290842713,23.83783783783784
Hand-Finished Solid Wood Document Frame,260.15,8,68.47,0.06666666666666667,3.3333333333333335,3,0.0,0.26319431097443785,39.4054054054054
Hanging Personal Folder File,251.2,17,51.03,0.08,2.2,5,133.33,0.20314490445859873,61.67567567567567
Harbour Creations 67200 Series Stacking Chairs,1501.9,24,254.84,0.1375,2.25,8,224.99,0.16967840735068912,82.0
Harbour Creations Steel Folding Chair,2389.12,34,336.36,0.1625,3.75,8,12.5,0.1407882400214305,84.70270270270271
Harmony Air Purifier,1946.7,13,374.22,0.22000000000000003,3.8,5,-77.27,0.19223300970873788,63.29729729729729
Harmony HEPA Quiet Air Purifiers,128.7,12,37.43,0.1,5.75,4,39.13,0.29083139083139087,34.86486486486486
Heavy-Duty E-Z-D Binders,176.74,29,9.040000000000004,0.5,4.0,8,-73.95,0.05114857983478558,23.40540540540541
Hewlett Packard 310 Color Digital Copier,4199.85,16,839.98,0.13333333333333333,4.0,6,-48.78,0.200002381037418,48.32432432432432
Hewlett Packard 610 Color Digital Copier / Printer,8899.82,21,3124.9300000000003,0.14285714285714285,3.4285714285714284,7,-78.57,0.3511228316977198,84.05405405405405
Hewlett Packard LaserJet 3310 Copier,18839.68,38,6983.89,0.2,1.75,8,35.09,0.3707010947107382,63.4054054054054
Hewlett-Packard 300S Scientific Calculator,131.1,10,60.3,0.0,5.5,2,0.0,0.459954233409611,4.540540540540539
Hewlett-Packard Deskjet 3050a All-in-One Color Inkjet Printer,3040.0,8,1459.2,0.0,3.0,1,0.0,0.48000000000000004,4.540540540540539
Hewlett-Packard Deskjet 5550 Printer,597.13,3,49.76,0.4,3.0,1,0.0,0.08333193776899503,4.540540540540539
Hewlett-Packard Deskjet 6540 Color Inkjet Printer,1396.21,6,139.62,0.4,4.0,2,0.0,0.09999928377536331,0.432432432432428
Hewlett-Packard Deskjet D4360 Printer,447.97,4,139.99,0.2,7.0,1,0.0,0.31249860481728686,4.540540540540539
Hewlett-Packard Deskjet F4180 All-in-One Color Ink-jet - Printer / copier / scanner,101.99,2,-71.4,0.7,0.0,1,0.0,-0.7000686341798217,4.540540540540539
Hewlett-Packard Desktjet 6988DT Refurbished Printer,3404.5,5,1668.2,0.0,4.0,1,0.0,0.4899985313555588,4.540540540540539
High Speed Automatic Electric Letter Opener,17030.309999999998,11,-262.0,0.06666666666666667,3.0,3,0.0,-0.015384335340930378,39.567567567567565
High-Back Leather Manager's Chair,4770.64,42,-197.59000000000003,0.16666666666666666,4.0,9,-53.09,-0.04141792296211829,91.94594594594595
Holmes 99% HEPA Air Purifier,333.57,17,86.85,0.1,5.0,4,0.0,0.26036514075006745,10.594594594594597
"Holmes Cool Mist Humidifier for the Whole House with 8-Gallon Output per Day, Extended Life Filter",147.26,9,48.739999999999995,0.2,4.0,4,0.0,0.3309792204264566,33.351351351351354
Holmes HEPA Air Purifier,239.58,14,41.38,0.23333333333333336,4.5,6,-20.0,0.1727189247850405,67.1891891891892
Holmes Harmony HEPA Air Purifier for 17 x 20 Room,675.12,3,290.3,0.0,5.0,1,0.0,0.4299976300509539,4.540540540540539
Holmes Odor Grabber,357.62,30,67.79,0.225,3.75,8,133.33,0.18955874951065377,94.48648648648648
"Holmes Replacement Filter for HEPA Air Cleaner, Large Room",151.07,12,47.989999999999995,0.15000000000000002,4.75,4,149.96,0.317667306546634,63.83783783783783
"Holmes Replacement Filter for HEPA Air Cleaner, Medium Room",203.94,18,87.69999999999999,0.0,3.75,4,0.0,0.4300284397371775,31.513513513513512
"Holmes Replacement Filter for HEPA Air Cleaner, Very Large Room, HEPA Filter",1383.0900000000001,26,381.21,0.21000000000000002,3.6,10,-66.15,0.2756219768778604,90.21621621621621
"Holmes Visible Mist Ultrasonic Humidifier with 2.3-Gallon Output per Day, Replacement Filter",47.54,5,10.190000000000001,0.4,3.0,2,0.0,0.21434581405132522,9.405405405405409
Home/Office Personal File Carts,980.23,30,198.13,0.028571428571428574,3.2857142857142856,7,-38.46,0.20212603164563417,71.56756756756756
Hon 2090 “Pillow Soft” Series Mid Back Swivel/Tilt Chairs,5282.42,24,-989.04,0.21666666666666667,3.0,6,71.43,-0.18723236698331447,84.37837837837839
Hon 2111 Invitation Series Corner Table,3140.56,18,-402.0,0.2,5.0,4,0.0,-0.12800264920905827,51.35135135135135
Hon 2111 Invitation Series Straight Table,2040.0600000000002,18,-115.31000000000002,0.2714285714285714,4.142857142857143,7,0.0,-0.0565228473672343,57.40540540540541
"Hon 30"" x 60"" Table with Locking Drawer",1296.03,6,-177.35,0.3333333333333333,4.0,3,0.0,-0.1368409681874648,4.540540540540539
Hon 4-Shelf Metal Bookcases,1474.31,22,-191.84999999999997,0.25,3.5,4,8.0,-0.13012867036105025,80.43243243243244
Hon 4060 Series Tables,1231.56,13,96.28999999999999,0.2,4.5,4,0.0,0.07818539088635551,34.91891891891892
Hon 4070 Series Pagoda Armless Upholstered Stacking Chairs,8431.0,34,1388.65,0.1875,2.75,8,210.42,0.16470762661605978,59.62162162162162
Hon 4070 Series Pagoda Round Back Stacking Chairs,5906.030000000001,21,1052.8200000000002,0.14285714285714285,3.0,7,-29.41,0.17826187811440172,78.05405405405406
Hon 4700 Series Mobuis Mid-Back Task Chairs with Adjustable Arms,7582.38,24,833.0,0.13333333333333333,4.166666666666667,6,-43.59,0.10985996481315893,53.891891891891895
Hon 5100 Series Wood Tables,5965.08,26,-238.62,0.21428571428571427,3.857142857142857,7,162.22,-0.04000281639139794,52.91891891891891
Hon 61000 Series Interactive Training Tables,653.11,22,-148.4,0.3111111111111111,3.2222222222222223,9,54.0,-0.22722052946670546,58.216216216216225
Hon 94000 Series Round Tables,7404.49,30,-681.2199999999999,0.16,4.2,5,87.5,-0.09200093456807963,90.10810810810811
Hon Comfortask Task/Swivel Chairs,1686.8999999999999,18,-36.47,0.15,3.8333333333333335,6,-40.79,-0.02161953879898038,61.189189189189186
Hon Deluxe Fabric Upholstered Stacking Chairs,2586.19,15,-48.8,0.275,4.0,4,-30.0,-0.018869456613783208,67.35135135135135
"Hon Deluxe Fabric Upholstered Stacking Chairs, Rounded Back",10637.53,51,1927.4499999999998,0.14166666666666666,3.75,12,-70.88,0.18119337853806286,48.972972972972975
"Hon Deluxe Fabric Upholstered Stacking Chairs, Squared Back",1268.69,7,73.19,0.25,5.5,2,0.0,0.05768942767736799,4.540540540540539
Hon Every-Day Chair Series Swivel Task Chairs,967.8499999999999,10,12.100000000000005,0.19999999999999998,3.6666666666666665,3,-64.41,0.012501937283669997,20.270270270270274
Hon Every-Day Series Multi-Task Chairs,6748.48,43,281.97,0.16,4.8,10,-44.68,0.04178274218787046,97.72972972972973
Hon GuestStacker Chair,6936.11,34,1233.07,0.1111111111111111,3.5555555555555554,9,22.22,0.17777543897083523,91.4054054054054
"Hon Metal Bookcases, Black",1570.08,30,-26.960000000000008,0.244,4.2,5,-40.0,-0.017171099561805774,74.8108108108108
"Hon Metal Bookcases, Gray",851.76,12,229.97,0.0,6.5,2,0.0,0.269993894993895,4.540540540540539
"Hon Metal Bookcases, Putty",1320.2300000000002,19,362.71999999999997,0.04,4.2,5,587.49,0.27474000742294896,45.78378378378378
Hon Mobius Operator's Chair,2705.7799999999997,23,499.33,0.04,4.2,5,-43.75,0.18454198050100157,74.10810810810811
Hon Multipurpose Stacking Arm Chairs,6584.64,36,814.41,0.13333333333333333,4.0,6,140.0,0.1236832993147689,95.56756756756756
Hon Non-Folding Utility Tables,3775.65,29,541.6600000000001,0.2,2.6,5,0.0,0.14346139075390993,33.67567567567568
Hon Olson Stacker Chairs,5427.99,22,1292.12,0.07500000000000001,4.75,4,-60.0,0.23804760141415146,24.48648648648649
Hon Olson Stacker Stools,5294.47,44,833.5899999999999,0.16,4.0,10,-84.16,0.15744541002215517,84.21621621621622
Hon Pagoda Stacking Chairs,6483.79,22,1540.7,0.1,3.0,4,0.0,0.2376233653465026,79.13513513513514
"Hon Practical Foundations 30 x 60 Training Table, Light Gray/Charcoal",4334.83,22,430.07000000000005,0.17500000000000002,3.0,6,-5.71,0.0992126565516987,89.13513513513513
Hon Racetrack Conference Tables,3963.8999999999996,22,-598.52,0.2833333333333334,2.8333333333333335,6,-80.95,-0.15099270920053484,84.48648648648648
Hon Rectangular Conference Tables,3481.51,20,-295.81999999999994,0.325,4.75,4,-88.0,-0.08496887844642122,42.270270270270274
Hon Valutask Swivel Chairs,1242.06,13,139.35,0.07500000000000001,2.75,4,381.25,0.11219264769817883,44.7027027027027
Honeywell Enviracaire Portable Air Cleaner for up to 8 x 10 Room,299.2,9,-177.23000000000002,0.45,4.5,2,0.0,-0.592346256684492,4.540540540540539
Honeywell Enviracaire Portable HEPA Air Cleaner for 16' x 20' Room,3855.1800000000003,14,1503.52,0.0,3.3333333333333335,3,0.0,0.3899999481217479,17.189189189189193
Honeywell Enviracaire Portable HEPA Air Cleaner for 17' x 22' Room,11304.44,40,3247.02,0.05,2.75,8,10.77,0.28723404255319146,87.72972972972973
Honeywell Enviracaire Portable HEPA Air Cleaner for up to 10 x 16 Room,1320.17,12,417.02,0.10000000000000002,4.666666666666667,3,0.0,0.315883560450548,23.513513513513516
Honeywell Quietcare HEPA Air Cleaner,1761.76,23,549.76,0.05000000000000001,3.8333333333333335,6,-53.49,0.3120515847788575,67.4054054054054
Hoover Commercial Lightweight Upright Vacuum,18.09,8,-2.51,0.5,3.0,2,0.0,-0.13875069098949694,9.72972972972973
Hoover Commercial Lightweight Upright Vacuum with E-Z Empty Dirt Cup,1023.35,6,-9.310000000000002,0.26666666666666666,4.0,3,900.02,-0.009097571700786634,10.05405405405405
Hoover Commercial Soft Guard Upright Vacuum And Disposable Filtration Bags,91.67999999999999,18,-10.41,0.25,5.75,4,0.0,-0.11354712041884818,66.5945945945946
Hoover Commercial SteamVac,168.39000000000001,14,35.31,0.2,3.5,4,0.0,0.20969178692321397,4.540540540540539
Hoover Portapower Portable Vacuum,61.83,18,1.3500000000000005,0.30000000000000004,4.75,4,0.0,0.02183406113537119,36.21621621621621
Hoover Replacement Belt for Commercial Guardsman Heavy-Duty Upright Vacuum,9.76,6,0.4399999999999999,0.3,2.5,4,0.0,0.04508196721311474,21.13513513513513
"Hoover Replacement Belts For Soft Guard & Commercial Ltweight Upright Vacs, 2/Pk",56.09,18,3.4800000000000004,0.2,3.4,5,-9.09,0.06204314494562311,89.02702702702703
Hoover Shoulder Vac Commercial Portable Vacuum,5009.49,16,715.6399999999999,0.18333333333333335,3.1666666666666665,6,150.0,0.14285685768411552,64.43243243243244
Hoover Upright Vacuum With Dirt Cup,6832.91,31,460.35,0.16666666666666666,4.5,6,33.33,0.0673724664893874,87.08108108108108
Hoover WindTunnel Plus Canister Vacuum,3051.3,9,697.44,0.06666666666666667,4.0,3,25.0,0.22857142857142856,80.48648648648648
"Hot File 7-Pocket, Floor Stand",8138.24,49,2016.69,0.07692307692307693,4.461538461538462,13,-61.9,0.24780419353570307,93.89189189189189
"Howard Miller 11-1/2"" Diameter Brentwood Wall Clock",681.45,17,256.18,0.15,5.5,4,0.0,0.3759336708489251,10.972972972972972
"Howard Miller 11-1/2"" Diameter Grantwood Wall Clock",500.31,14,101.78999999999999,0.16666666666666666,4.0,6,-53.33,0.20345385860766324,72.54054054054053
"Howard Miller 11-1/2"" Diameter Ridgewood Wall Clock",1184.23,24,448.77,0.09999999999999999,4.0,6,0.0,0.3789551016272177,43.567567567567565
"Howard Miller 12"" Round Wall Clock",479.34,14,127.3,0.1,2.5,2,0.0,0.26557349689155924,33.83783783783784
Howard Miller 12-3/4 Diameter Accuwave DS  Wall Clock,786.9000000000001,14,147.94,0.4,4.0,2,0.0,0.1880035582666158,11.243243243243239
"Howard Miller 13"" Diameter Goldtone Round Wall Clock",1042.07,27,294.31,0.16666666666666666,1.8333333333333333,6,0.0,0.2824282437840068,70.48648648648648
"Howard Miller 13"" Diameter Pewter Finish Round Wall Clock",1047.73,27,340.52000000000004,0.1142857142857143,4.571428571428571,7,-20.0,0.32500739694386915,60.0
"Howard Miller 13-1/2"" Diameter Rosebrook Wall Clock",949.02,17,247.58,0.2,4.2,5,-40.54,0.2608796442646098,55.351351351351354
"Howard Miller 13-3/4"" Diameter Brushed Chrome Round Wall Clock",1324.8,31,201.81,0.13333333333333333,3.3333333333333335,9,-33.96,0.15233242753623188,77.4054054054054
"Howard Miller 14-1/2"" Diameter Chrome Round Wall Clock",1636.87,29,375.95000000000005,0.11428571428571428,5.285714285714286,7,-64.44,0.2296761502135173,25.729729729729733
"Howard Miller 16"" Diameter Gallery Wall Clock",575.46,12,107.42,0.15,4.0,4,0.0,0.18666805685886073,26.51351351351351
Howard Miller Distant Time Traveler Alarm Clock,531.95,21,192.22,0.13333333333333333,5.166666666666667,6,110.0,0.3613497509164395,33.081081081081074
"Hunt BOSTON Model 1606 High-Volume Electric Pencil Sharpener, Beige",1113.02,8,111.3,0.2,5.0,1,0.0,0.09999820308709637,4.540540540540539
"Hunt BOSTON Vista Battery-Operated Pencil Sharpener, Black",83.96000000000001,8,15.86,0.15000000000000002,2.5,4,0.0,0.18889947594092424,27.08108108108108
Hunt Boston Vacuum Mount KS Pencil Sharpener,671.8,20,153.96,0.08,3.0,5,0.0,0.22917534980649004,27.51351351351351
"Hunt PowerHouse Electric Pencil Sharpener, Blue",1617.95,44,448.17,0.06000000000000001,4.8,10,550.0,0.2769986711579468,87.4054054054054
Hypercom P1300 Pinpad,1108.8,21,275.31,0.17142857142857146,3.4285714285714284,7,250.0,0.24829545454545457,91.62162162162161
I Need's 3d Hello Kitty Hybrid Silicone Case Cover for HTC One X 4g with 3d Hello Kitty Stylus Pen Green/pink,542.99,52,95.2,0.12000000000000002,4.1,10,52.76,0.17532551244037645,98.05405405405405
I.R.I.S IRISCard Anywhere 5 Card Scanner,350.97,3,152.09,0.1,6.0,1,0.0,0.4333418810724563,4.540540540540539
"IBM Multi-Purpose Copy Paper, 8 1/2 x 11"", Case",458.5,16,185.87,0.10000000000000002,3.3333333333333335,6,-62.96,0.4053871319520175,21.027027027027025
Ibico Covers for Plastic or Wire Binding Elements,184.0,20,57.48,0.2285714285714286,3.2857142857142856,7,50.0,0.3123913043478261,95.4054054054054
Ibico EB-19 Dual Function Manual Binding System,3234.8999999999996,23,1086.35,0.2375,3.0,8,-57.25,0.3358218182942286,23.567567567567572
Ibico EPK-21 Electric Binding System,15875.92,13,3345.2899999999995,0.3333333333333333,5.333333333333333,3,-58.33,0.21071471763526142,47.56756756756757
Ibico Hi-Tech Manual Binding System,5398.3,34,-305.0,0.4272727272727273,4.2727272727272725,11,87.5,-0.05649926828816479,88.0
Ibico Ibimaster 300 Manual Binding System,7985.38,28,2318.33,0.16249999999999998,4.25,8,122.22,0.29032181311346483,64.21621621621621
Ibico Laser Imprintable Binding System Covers,1100.4,34,138.34,0.3625,3.625,8,0.0,0.12571792075608867,76.59459459459458
Ibico Plastic Spiral Binding Combs,1100.48,47,328.91999999999996,0.33076923076923076,4.230769230769231,13,-11.21,0.29888775806920614,89.72972972972973
Ibico Plastic and Wire Spiral Binding Combs,208.23,41,21.58,0.35555555555555557,3.888888888888889,9,-30.78,0.10363540315996735,88.48648648648648
Ibico Presentation Index for Binding Systems,72.03999999999999,27,15.07,0.2714285714285714,3.7142857142857144,7,130.0,0.20918933925596894,42.10810810810811
Ibico Recycled Grain-Textured Covers,141.61,8,3.4499999999999993,0.39999999999999997,3.25,4,-33.33,0.024362686250970968,76.7027027027027
Ibico Recycled Linen-Style Covers,749.95,24,262.48,0.3,3.0,4,-48.28,0.3499966664444296,44.32432432432433
Ibico Standard Transparent Covers,390.57,34,104.83,0.32999999999999996,3.9,10,13.64,0.2684025910848247,91.29729729729729
Iceberg Mobile Mega Data/Printer Cart,5751.77,49,1388.6100000000001,0.025,3.875,8,-23.81,0.24142307498387452,72.37837837837837
"Iceberg Nesting Folding Chair, 19w x 6d x 43h",1589.41,31,253.85,0.11666666666666668,5.833333333333333,6,0.0,0.15971335275353746,37.891891891891895
"Iceberg OfficeWorks 42"" Round Tables",3457.44,30,-392.56,0.19999999999999998,4.142857142857143,7,-79.87,-0.11354065435698088,42.054054054054056
Ideal Clamps,58.69,33,24.85,0.1,4.125,8,-69.68,0.42341114329528035,51.45945945945947
Imation Bio 2GB USB Flash Drive Imation Corp,2098.88,16,881.53,0.0,3.6666666666666665,3,0.0,0.42000019057783194,15.18918918918919
Imation Bio 8GB USB Flash Drive Imation Corp,2659.84,16,398.98,0.0,3.5,4,0.0,0.15000150384985564,36.32432432432432
Imation 16GB Mini TravelDrive USB 2.0 Flash Drive,1007.15,34,342.56,0.08888888888888889,2.888888888888889,9,-35.29,0.3401280841979844,47.62162162162162
Imation 30456 USB Flash Drive 8GB,154.56,23,8.56,0.04,4.8,5,0.0,0.05538302277432713,22.432432432432435
Imation 32GB Pocket Pro USB 3.0 Flash Drive - 32 GB - Black - 1 P ...,467.21999999999997,18,143.76,0.12000000000000002,3.8,5,0.0,0.3076923076923077,55.94594594594595
Imation 8GB Mini TravelDrive USB 2.0 Flash Drive,350.2,13,8.75,0.06666666666666667,3.3333333333333335,3,186.66,0.024985722444317533,20.1081081081081
Imation 8gb Micro Traveldrive Usb 2.0 Flash Drive,357.0,25,23.25,0.07500000000000001,3.375,8,184.0,0.06512605042016807,53.13513513513514
Imation Clip USB flash drive - 8 GB,443.68,25,1.8899999999999997,0.08571428571428573,5.428571428571429,7,-45.45,0.004259826902271907,84.86486486486487
Imation Secure+ Hardware Encrypted USB 2.0 Flash Drive; 16GB,1634.96,27,354.01,0.16,4.6,5,71.43,0.21652517492782697,75.08108108108108
Imation Secure Drive + Hardware Encrypted USB flash drive - 16 GB,888.97,24,196.03,0.03333333333333333,3.6666666666666665,6,500.0,0.220513628131433,70.32432432432432
Imation Swivel Flash Drive USB flash drive - 8 GB,54.58,5,17.63,0.1,5.5,2,0.0,0.323012092341517,13.783783783783788
Imation USB 2.0 Swivel Flash Drive USB flash drive - 4 GB - Pink,42.42,14,8.91,0.0,5.666666666666667,3,-42.86,0.21004243281471005,65.29729729729729
"Important Message Pads, 50 4-1/4 x 5-1/2 Forms per Pad",54.599999999999994,15,22.47,0.1,3.5,4,0.0,0.4115384615384616,40.486486486486484
"Ink Jet Note and Greeting Cards, 8-1/2"" x 5-1/2"" Card Size",121.39,6,48.55,0.06666666666666667,3.0,3,-41.17,0.39995057253480515,29.621621621621617
Innergie mMini Combo Duo USB Travel Charging Kit,746.83,19,302.33000000000004,0.10000000000000002,4.833333333333333,6,0.0,0.40481769612897184,71.24324324324324
Insertable Tab Indexes For Data Binders,17.49,13,-4.830000000000001,0.6,3.8,5,260.06,-0.27615780445969135,42.00000000000001
Insertable Tab Post Binder Dividers,66.57,25,-39.69,0.575,4.125,8,107.12,-0.5962145110410095,95.62162162162163
"Inter-Office Recycled Envelopes, Brown Kraft, Button-String,10"" x 13"" , 100/Box",197.82,10,81.32,0.06666666666666667,3.0,3,0.0,0.4110807805075321,36.810810810810814
"Iris 3-Drawer Stacking Bin, Black",284.11,16,-43.45,0.13333333333333333,3.6666666666666665,3,0.0,-0.15293372285382423,39.24324324324324
Iris Project Case,225.04,30,47.88,0.06666666666666667,2.5,6,0.0,0.21276217561322433,41.567567567567565
"It's Hot Message Books with Stickers, 2 3/4"" x 5""",161.32,25,59.56999999999999,0.13333333333333333,5.0,6,200.0,0.3692660550458715,62.48648648648649
JBL Micro Wireless Portable Bluetooth Speaker,779.87,17,14.990000000000002,0.23333333333333336,3.8333333333333335,6,13.33,0.019221152243322607,98.70270270270271
JM Magazine Binder,204.72,18,50.19,0.21666666666666667,4.0,6,-70.0,0.2451641266119578,43.13513513513514
Jabra BIZ 2300 Duo QD Duo Corded Headset,1727.07,17,129.54000000000002,0.2,3.75,4,-60.0,0.07500564539943373,50.86486486486487
Jabra SPEAK 410,3158.0699999999997,37,654.17,0.08888888888888889,5.0,9,-70.59,0.20714233693363351,92.86486486486486
Jabra SPEAK 410 Multidevice Speakerphone,2018.7,13,10.299999999999997,0.26666666666666666,1.6666666666666667,3,45.0,0.005102293555258333,33.62162162162162
Jabra Supreme Plus Driver Edition Headset,2159.8199999999997,22,259.18,0.16,4.0,5,-62.75,0.1200007408024743,54.32432432432432
Jackery Bar Premium Fast-charging Portable Charger,467.22,18,192.27,0.15000000000000002,2.5,4,6.67,0.41151919866444076,71.51351351351352
Jawbone JAMBOX Wireless Bluetooth Speaker,2022.27,14,872.0999999999999,0.06666666666666667,4.666666666666667,3,0.0,0.4312480529306175,81.08108108108108
Jawbone MINI JAMBOX Wireless Bluetooth Speaker,2027.31,18,-339.71,0.16,3.8,5,0.0,-0.16756687433101006,38.32432432432432
Jensen SMPS-640 - speaker phone,496.58,12,88.28,0.1,4.75,4,80.0,0.17777598775625278,65.83783783783784
Jet-Pak Recycled Peel 'N' Seal Padded Mailers,552.6999999999999,19,177.66,0.15000000000000002,4.25,4,220.01,0.32144020264157774,23.945945945945944
Jiffy Padded Mailers with Self-Seal Closure,29.81,2,10.81,0.2,4.0,1,0.0,0.36262998993626305,4.540540540540539
KI Adjustable-Height Table,4552.62,74,-248.5,0.2361111111111111,3.888888888888889,18,43.61,-0.05458395385514275,86.10810810810811
KI Conference Tables,2140.87,44,-479.21000000000004,0.325,3.75,8,116.67,-0.22383890661273223,88.70270270270271
KLD Oscar II Style Snap-on Ultra Thin Side Flip Synthetic Leather Cover Case for HTC One HTC M7,126.36000000000001,13,36.650000000000006,0.0,3.3333333333333335,3,-57.14,0.2900443178220956,59.29729729729729
Kensington 4 Outlet MasterPiece Compact Power Control Center,2488.3900000000003,36,380.58,0.17142857142857146,4.142857142857143,7,-23.26,0.15294226387342819,64.81081081081082
Kensington 6 Outlet Guardian Standard Surge Protector,409.6,20,110.6,0.0,3.1666666666666665,6,233.33,0.27001953124999994,81.35135135135135
Kensington 6 Outlet MasterPiece HOMEOFFICE Power Control Center,812.1600000000001,9,235.53000000000003,0.0,4.0,2,0.0,0.29000443262411346,26.51351351351351
Kensington 6 Outlet SmartSocket Surge Protector,147.53,6,-36.89,0.4,5.5,2,0.0,-0.25005083711787435,13.729729729729733
Kensington 7 Outlet MasterPiece HOMEOFFICE Power Control Center,2491.2799999999997,21,563.81,0.2,4.0,5,730.0,0.22631338107318327,11.513513513513518
Kensington 7 Outlet MasterPiece Power Center,2883.2799999999997,21,229.59,0.2,3.4,5,118.75,0.07962806248439279,89.29729729729729
Kensington 7 Outlet MasterPiece Power Center with Fax/Phone Line Protection,1473.1100000000001,8,311.22,0.07500000000000001,2.25,4,220.0,0.2112673188017188,60.91891891891892
Kensington Expert Mouse Optical USB Trackball for PC or Mac,1690.83,20,360.96,0.10000000000000002,4.0,6,160.0,0.21348095314135662,51.78378378378379
Kensington K72356US Mouse-in-a-Box USB Desktop Mouse,321.85,20,106.18,0.03333333333333333,4.0,6,108.0,0.3299052353580861,59.35135135135135
Kensington Orbit Wireless Mobile Trackball for PC and Mac,1703.72,33,357.55,0.16,3.4,5,55.56,0.2098642969502031,77.45945945945945
Kensington SlimBlade Notebook Wireless Mouse with Nano Receiver,549.88,13,120.98,0.15000000000000002,3.75,4,-85.71,0.2200116389030334,70.86486486486486
KeyTronic 6101 Series - Keyboard - Black,360.71000000000004,10,127.07,0.1,4.0,2,0.0,0.35227745280141937,38.0
KeyTronic E03601U1 - Keyboard - Beige,324.0,18,58.32,0.0,4.0,6,16.67,0.18,79.29729729729729
KeyTronic KT400U2 - Keyboard - Black,148.03,15,24.67,0.06666666666666667,3.3333333333333335,3,0.0,0.1666554076876309,16.594594594594593
KeyTronic KT800P2 - Keyboard - Black,75.1,6,1.2000000000000002,0.13333333333333333,4.666666666666667,3,50.02,0.01597869507323569,67.02702702702703
Kingston Digital DataTraveler 16GB USB 2.0,477.93,57,64.67999999999999,0.06153846153846154,4.153846153846154,13,8.43,0.1353336262632603,84.10810810810811
Kingston Digital DataTraveler 32GB USB 2.0,355.95,22,5.42,0.05714285714285715,3.857142857142857,7,50.0,0.015226857704733811,76.32432432432432
Kingston Digital DataTraveler 64GB USB 2.0,202.68,6,16.22,0.0,4.0,2,0.0,0.08002762976119991,4.540540540540539
Kingston Digital DataTraveler 8GB USB 2.0,44.03,9,-2.03,0.13333333333333333,5.666666666666667,3,0.0,-0.04610492845786963,60.270270270270274
Kleencut Forged Office Shears by Acme United Corporation,9.57,5,2.29,0.1,5.0,2,-46.63,0.2392894461859979,28.16216216216216
Konftel 250 Conference phone - Charcoal black,2221.5899999999997,9,324.7,0.1,3.0,4,0.0,0.14615658154745026,58.97297297297297
Konica Minolta magicolor 1690MF Multifunction Printer,319.92,8,118.37,0.0,5.0,1,0.0,0.36999874968742186,4.540540540540539
"LF Elite 3D Dazzle Designer Hard Case Cover, Lf Stylus Pen and Wiper For Apple Iphone 5c Mini Lite",261.6,28,41.85,0.1,4.25,8,-46.15,0.15997706422018348,56.37837837837838
LG Electronics Tone+ HBS-730 Bluetooth Headset,904.55,18,133.31,0.15000000000000002,3.0,4,-82.46,0.14737714885854847,21.89189189189189
LG Exalt,1154.32,12,-212.15,0.3333333333333333,4.333333333333333,3,-55.56,-0.1837878577864024,41.83783783783783
LG G2,1499.97,5,-374.99,0.4,5.0,1,0.0,-0.24999833329999935,4.540540540540539
LG G3,1803.1100000000001,10,411.58,0.1,3.0,4,0.0,0.22826117097681226,27.891891891891895
Laminate Occasional Tables,2096.17,18,-206.54000000000002,0.2333333333333333,4.666666666666667,3,0.0,-0.09853208470687015,14.43243243243243
Large Capacity Hanging Post Binders,276.95,22,-19.46999999999999,0.45999999999999996,3.4,5,233.29,-0.07030149846542695,85.83783783783784
Laser & Ink Jet Business Envelopes,198.45999999999998,20,83.23,0.04,3.6,5,-28.57,0.4193792199939535,97.4054054054054
"Leather Task Chair, Black",1437.48,19,54.589999999999996,0.19999999999999998,4.5,6,-62.14,0.037976180538164005,41.45945945945946
Lenovo 17-Key USB Numeric Keypad,367.09000000000003,13,22.44,0.16,4.2,5,-33.34,0.06112942330218747,44.81081081081081
"Lesro Round Back Collection Coffee Table, End Table",2847.7799999999997,20,-328.59000000000003,0.2875,3.125,8,-15.38,-0.1153846153846154,92.54054054054053
"Lesro Sheffield Collection Coffee Table, End Table, Center Table, Corner Table",2298.12,39,-12.140000000000006,0.17777777777777778,4.111111111111111,9,0.0,-0.005282578803543769,18.54054054054054
Letter Size Cart,4600.09,33,1252.9,0.05,4.125,8,276.0,0.2723642363518975,57.94594594594595
Letter Size File,341.41999999999996,10,59.55,0.1,4.5,2,86.67,0.1744186046511628,28.27027027027027
Letter Slitter,10.08,4,0.3,0.0,4.0,2,0.0,0.02976190476190476,41.0
Letter or Legal Size Expandable Poly String Tie Envelopes,36.71,16,15.01,0.1,3.75,4,0.0,0.40888041405611547,28.10810810810811
"Letter/Legal File Tote with Clear Snap-On Lid, Black Granite",218.42,14,52.04,0.05,3.75,4,0.0,0.2382565699111803,29.513513513513512
Lexmark 20R1285 X6650 Wireless All-in-One Printer,600.0,6,218.4,0.25,4.5,2,0.0,0.364,4.540540540540539
Lexmark MX611dhe Monochrome Laser Printer,16829.9,18,-4589.97,0.4,3.75,4,0.0,-0.27272711067801947,26.918918918918923
Lexmark MarkNet N8150 Wireless Print Server,723.51,6,-506.46,0.7,2.5,2,0.0,-0.7000041464527097,26.51351351351351
Lexmark S315 Color Inkjet Printer,299.96999999999997,5,34.989999999999995,0.44999999999999996,2.5,2,0.0,0.11664499783311665,4.540540540540539
Lexmark X 9575 Professional All-in-One Color Printer,396.0,4,190.08,0.0,6.0,1,0.0,0.48000000000000004,4.540540540540539
"Lifetime Advantage Folding Chairs, 4/Carton",5212.110000000001,27,972.64,0.14285714285714285,4.285714285714286,7,170.0,0.18661156422255093,81.2972972972973
"Linden 10"" Round Wall Clock, Black",253.65,21,41.88,0.16666666666666666,3.1666666666666665,6,140.0,0.16510940272028385,52.27027027027027
"Linden 12"" Wall Clock With Oak Frame",101.94,3,30.58,0.0,0.0,1,0.0,0.29998038061604865,4.540540540540539
Lock-Up Easel 'Spel-Binder',704.69,44,39.36999999999999,0.4857142857142857,4.571428571428571,7,7.14,0.05586853793866805,90.05405405405405
Logitech 910-002974 M325 Wireless Mouse for Web Scrolling,1409.52,52,536.24,0.09333333333333334,2.6,15,31.42,0.38044156876099666,93.78378378378378
"Logitech B530 USB Headset - headset - Full size, Binaural",739.81,25,64.74,0.16,4.1,10,250.03,0.08750895500195996,91.1891891891892
Logitech ClearChat Comfort/USB Headset H390,533.0699999999999,19,160.23,0.06666666666666667,4.333333333333333,6,353.33,0.30057966120772134,21.999999999999996
Logitech Desktop MK120 Mouse and keyboard Combo,778.74,50,42.56,0.06666666666666667,3.75,12,268.41,0.054652387189562626,56.97297297297297
Logitech G105 Gaming Keyboard,759.94,14,78.37,0.12000000000000002,2.8,5,400.01,0.103126562623365,44.486486486486484
Logitech G13 Programmable Gameboard with LCD Display,1039.8700000000001,14,43.19,0.1,3.5,4,1425.05,0.04153403790858472,9.56756756756757
Logitech G19 Programmable Gaming Keyboard,4389.25,36,729.0400000000001,0.025,3.375,8,214.81,0.16609671356154243,61.72972972972973
Logitech G35 7.1-Channel Surround Sound Headset,2157.83,17,699.35,0.03333333333333333,3.3333333333333335,6,-50.0,0.32409874735266453,66.91891891891892
Logitech G430 Surround Sound Gaming Headset with Dolby 7.1 Technology,1247.84,17,377.56,0.05,3.5,4,0.0,0.3025708424156943,28.648648648648646
Logitech G500s Laser Gaming Mouse with Adjustable Weight Tuning,1399.8,21,429.73,0.05,5.0,4,0.0,0.3069938562651808,8.594594594594597
Logitech G600 MMO Gaming Mouse,1615.8,21,540.73,0.025,3.875,8,0.0,0.33465156578784505,81.24324324324324
Logitech G602 Wireless Gaming Mouse,1999.74,29,515.14,0.1111111111111111,3.3333333333333335,9,-41.18,0.25760348845349895,89.83783783783784
Logitech G700s Rechargeable Gaming Mouse,2339.7599999999998,25,889.92,0.08888888888888889,2.7777777777777777,9,450.01,0.38034670222586936,66.70270270270271
Logitech Illuminated Ultrathin Keyboard with Backlighting,170.97,3,70.1,0.0,7.0,1,0.0,0.4100134526525121,8.594594594594597
Logitech K350 2.4Ghz Wireless Keyboard,1154.67,25,47.27,0.08,2.0,5,0.0,0.04093810352741476,15.243243243243242
Logitech Keyboard K120,174.24,12,-19.6,0.20000000000000004,5.333333333333333,3,0.0,-0.11248852157943068,4.540540540540539
Logitech M510 Wireless Mouse,239.94,7,52.39,0.13333333333333333,3.3333333333333335,3,0.0,0.21834625322997417,20.64864864864865
Logitech Media Keyboard K200,503.86,16,50.39,0.1,6.0,4,400.0,0.1000079387131346,30.7027027027027
Logitech Mobile Speakerphone P710e - speaker phone,1916.71,17,241.60999999999999,0.16,4.6,5,-57.89,0.12605454137558628,94.64864864864865
Logitech Trackman Marble Mouse,773.74,28,286.71,0.08888888888888889,4.222222222222222,9,-65.82,0.37055083102851083,49.891891891891895
Logitech Wireless Anywhere Mouse MX for PC and Mac,551.9,11,89.98,0.13333333333333333,3.6666666666666665,3,0.0,0.16303678202572933,47.945945945945944
Logitech Wireless Gaming Headset G930,2879.82,21,763.15,0.13333333333333333,4.333333333333333,6,73.91,0.26499920133897253,73.72972972972973
Logitech Wireless Headset H600 Over-The-Head Design,386.90999999999997,10,133.26999999999998,0.1,4.5,2,25.0,0.3444470290248378,36.891891891891895
Logitech Wireless Headset h800,2799.7200000000003,32,719.9300000000001,0.06666666666666667,3.5,6,120.0,0.25714357150000716,85.13513513513513
Logitech Wireless Marathon Mouse M705,1409.71,30,554.88,0.05,4.25,8,88.57,0.39361287073227824,82.64864864864865
Logitech Wireless Performance Mouse MX for PC and Mac,1799.82,21,497.95,0.1142857142857143,2.7142857142857144,7,0.0,0.27666655554444336,52.648648648648646
Logitech Wireless Touch Keyboard K400,364.85,15,53.73,0.06666666666666667,4.0,3,0.0,0.14726599972591475,12.0
Logitech diNovo Edge Keyboard,7399.7,31,1432.45,0.04,3.0,5,18.42,0.19358217225022636,74.43243243243242
Logitech Gaming G510s - Keyboard,2362.72,31,676.53,0.07500000000000001,4.625,8,-30.0,0.2863352407394867,96.43243243243244
Logitech Illuminated - Keyboard,1139.81,20,515.9300000000001,0.03333333333333333,4.0,6,333.33,0.452645616374659,33.2972972972973
Logitech LS21 Speaker System - PC Multimedia - 2.1-CH - Wired,207.89999999999998,11,62.78,0.03333333333333333,4.666666666666667,6,0.0,0.301972101972102,10.216216216216212
Logitech MX Performance Wireless Mouse,789.82,23,211.82,0.1142857142857143,2.5714285714285716,7,25.0,0.26818768833405077,36.70270270270271
Logitech P710e Mobile Speakerphone,10196.61,41,1645.39,0.06666666666666668,4.333333333333333,9,-37.14,0.16136637568760598,57.29729729729729
Logitech VX Revolution Cordless Laser Mouse for Notebooks (Black),3743.8,22,21.590000000000003,0.08,4.0,5,0.0,0.005766867888241894,25.67567567567568
"Logitech Wireless Boombox Speaker - portable - wireless, wired",383.04,4,148.96,0.1,4.0,2,0.0,0.3888888888888889,36.891891891891895
Logitech Z-906 Speaker sys - home theater - 5.1-CH,5609.83,17,2243.9300000000003,0.0,4.25,4,-44.44,0.39999964348295763,58.91891891891892
Longer-Life Soft White Bulbs,115.19,44,44.74,0.12,3.8,10,-42.86,0.38840177098706485,96.64864864864865
Loose Memo Sheets,18.25,5,8.58,0.0,3.5,2,0.0,0.47013698630136985,4.540540540540539
Lumber Crayons,171.39,19,55.37,0.13333333333333333,3.8333333333333335,6,0.0,0.3230643561467997,75.13513513513513
Lunatik TT5L-002 Taktik Strike Impact Protection System for iPhone 5,281.65999999999997,6,6.12,0.26666666666666666,3.0,3,0.0,0.021728324930767595,55.4054054054054
Luxo Adjustable Task Clamp Lamp,1545.82,18,362.46999999999997,0.05,3.75,4,0.0,0.23448396320399528,63.24324324324324
Luxo Economy Swing Arm Lamp,338.98,17,94.92,0.0,5.6,5,250.0,0.28001652014868134,91.35135135135135
Luxo Professional Combination Clamp-On Lamps,1329.9,13,345.78000000000003,0.0,2.2,5,0.0,0.26000451161741484,31.189189189189193
Luxo Professional Fluorescent Magnifier Lamp with Clamp-Mount Base,3861.05,23,289.57000000000005,0.2,4.6,5,40.0,0.07499773377708137,49.945945945945944
Luxo Professional Magnifying Clamp-On Fluorescent Lamps,1268.9199999999998,13,106.09,0.05,4.0,4,-19.35,0.08360653153863129,50.648648648648646
Macally Suction Cup Mount,279.63,26,-31.07,0.15000000000000002,4.25,4,-14.29,-0.11111111111111112,56.054054054054056
Magna Visual Magnetic Picture Hangers,84.83000000000001,19,28.060000000000002,0.10000000000000002,4.333333333333333,6,-51.36,0.330779205469763,71.4054054054054
Magnifier Swing Arm Lamp,251.76000000000002,12,65.46000000000001,0.0,4.2,5,100.0,0.26000953288846523,26.10810810810811
Manco Dry-Lighter Erasable Highlighter,88.16,30,27.97,0.028571428571428574,4.428571428571429,7,800.0,0.3172640653357532,31.02702702702703
"Manila Recycled Extra-Heavyweight Clasp Envelopes, 6"" x 9""",125.17,13,52.370000000000005,0.15000000000000002,3.75,4,28.0,0.41839098825597193,36.37837837837837
Martin Yale Chadless Opener Electric Letter Opener,16656.21,22,-1299.19,0.10000000000000002,4.333333333333333,6,0.0,-0.0780003374116921,24.756756756756758
Martin-Yale Premier Letter Opener,236.99,20,-12.879999999999999,0.08571428571428573,3.5714285714285716,7,25.0,-0.05434828473775264,86.32432432432434
"Master Big Foot Doorstop, Beige",152.06,30,42.77,0.03333333333333333,4.166666666666667,6,250.0,0.2812705510982507,83.24324324324324
"Master Caster Door Stop, Brown",176.79000000000002,38,49.39,0.1111111111111111,3.7777777777777777,9,-50.0,0.2793710051473499,91.13513513513513
"Master Caster Door Stop, Gray",47.75,10,14.219999999999999,0.15,4.5,4,0.0,0.2978010471204188,25.027027027027028
"Master Caster Door Stop, Large Brown",59.7,10,14.56,0.19999999999999998,3.3333333333333335,3,0.0,0.24388609715242882,31.729729729729726
"Master Caster Door Stop, Large Neon Orange",154.34,27,42.29,0.17142857142857143,4.428571428571429,7,149.96,0.27400544252948034,86.0
"Master Giant Foot Doorstop, Safety Yellow",83.49,12,31.57,0.06666666666666667,3.6666666666666665,3,-25.0,0.37812911725955206,79.7027027027027
Maxell 4.7GB DVD+R 5/Pack,11.69,13,4.6,0.08,4.6,5,170.2,0.39349871685201027,87.62162162162163
Maxell 4.7GB DVD+RW 3/Pack,264.44,17,88.41,0.05,3.5,4,0.0,0.33432914838904854,18.594594594594593
Maxell 4.7GB DVD-R,1231.69,49,411.23,0.1272727272727273,4.0,11,189.3,0.3338745950685643,91.02702702702703
Maxell 4.7GB DVD-R 5/Pack,19.0,21,7.37,0.08,3.4,5,0.0,0.3878947368421053,60.16216216216217
Maxell 4.7GB DVD-RW 3/Pack,146.56,10,41.42,0.1,4.25,4,0.0,0.2826146288209607,28.054054054054056
"Maxell 74 Minute CD-R Spindle, 50/Pack",503.28,24,181.19,0.0,3.4,5,0.0,0.3600182800826578,0.432432432432428
"Maxell 74 Minute CDR, 10/Pack",232.76,26,72.57,0.08,3.2,5,0.0,0.31178037463481695,10.32432432432432
Maxell CD-R Discs,15.76,9,3.7,0.13333333333333333,4.0,3,0.0,0.23477157360406092,64.27027027027027
Maxell DVD-RAM Discs,296.64,18,127.55,0.0,3.6666666666666665,3,0.0,0.4299824703344121,40.67567567567567
"Maxell Pro 80 Minute CD-R, 10/Pack",374.07,24,122.36000000000001,0.1,3.25,4,0.0,0.3271045526238405,40.10810810810811
Maxell LTO Ultrium - 800 GB,1086.01,41,156.45,0.07500000000000001,4.375,8,0.0,0.14405944696641834,70.37837837837837
Maxell iVDR EX 500GB Cartridge,2755.4,10,1184.83,0.0,4.0,2,0.0,0.4300029033897074,4.540540540540539
"Mead 1st Gear 2"" Zipper Binder, Asst. Colors",54.47,9,-3.8900000000000006,0.5333333333333333,5.333333333333333,3,0.0,-0.07141545805030293,4.540540540540539
Mediabridge Sport Armband iPhone 5s,257.75,30,-38.95,0.14285714285714285,3.857142857142857,7,-80.64,-0.15111542192046556,71.2972972972973
"Memo Book, 100 Message Capacity, 5 3/8” x 11”",76.84,12,36.4,0.06666666666666667,5.333333333333333,3,0.0,0.47371160853722016,14.324324324324323
"Memorex 25GB 6X Branded Blu-Ray Recordable Disc, 15/Pack",373.78999999999996,26,24.81,0.16,3.6,5,140.01,0.06637416731319726,87.35135135135135
"Memorex 25GB 6X Branded Blu-Ray Recordable Disc, 30/Pack",472.86,17,-32.26,0.1,3.5,4,-10.71,-0.06822315273019498,87.5135135135135
Memorex Froggy Flash Drive 4 GB,136.28,14,42.42,0.08,4.8,5,0.0,0.31127091282653363,59.243243243243235
Memorex Froggy Flash Drive 8 GB,536.05,32,189.57,0.07500000000000001,3.125,8,102.86,0.3536423841059603,69.67567567567568
Memorex Micro Travel Drive 16 GB,454.11,31,112.09,0.06666666666666667,4.166666666666667,6,379.99,0.24683446741978815,75.4054054054054
Memorex Micro Travel Drive 32 GB,379.71,12,129.97,0.12000000000000002,2.8,5,287.47,0.3422875352242501,54.97297297297297
Memorex Micro Travel Drive 4 GB,103.88,11,37.42,0.06666666666666667,5.333333333333333,3,0.0,0.3602233346168656,66.27027027027027
Memorex Micro Travel Drive 8 GB,299.0,26,113.1,0.1,3.5,8,91.67,0.3782608695652174,90.70270270270271
Memorex Mini Travel Drive 16 GB USB 2.0 Flash Drive,718.65,45,280.27,0.0,4.5,6,750.0,0.3899951297571836,21.351351351351354
Memorex Mini Travel Drive 32 GB USB 2.0 Flash Drive,280.0,14,109.19999999999999,0.0,4.0,2,0.0,0.38999999999999996,4.540540540540539
Memorex Mini Travel Drive 4 GB USB 2.0 Flash Drive,13.62,2,3.57,0.2,3.0,1,0.0,0.2621145374449339,0.432432432432428
Memorex Mini Travel Drive 64 GB USB 2.0 Flash Drive,543.6,15,228.29999999999998,0.0,3.8333333333333335,6,0.0,0.4199779249448123,32.91891891891892
Memorex Mini Travel Drive 8 GB USB 2.0 Flash Drive,194.55,20,53.260000000000005,0.16,5.2,5,0.0,0.27375995887946547,26.51351351351351
"Message Book, Phone, Wirebound Standard Line Memo, 2 3/4"" X 5""",119.21,19,52.0,0.04,4.8,5,0.0,0.43620501635768816,46.86486486486486
"Message Book, Standard Line ""While You Were Out"", 5 1/2"" X 4"", 200 Sets/Book",51.36,6,24.14,0.0,2.5,2,0.0,0.47001557632398755,26.51351351351351
"Message Book, Wirebound, Four 5 1/2"" X 4"" Forms/Pg., 200 Dupl. Sets/Book",152.16,18,54.06,0.16666666666666666,4.5,6,0.0,0.3552839116719243,34.108108108108105
"Metal Folding Chairs, Beige, 4/Carton",685.5899999999999,23,115.73,0.12,3.4,5,-66.67,0.16880351230327167,48.16216216216216
Micro Innovations USB RF Wireless Keyboard with Mouse,440.0,18,84.5,0.03333333333333333,3.8333333333333335,6,-85.29,0.19204545454545455,19.675675675675674
Micro Innovations Wireless Classic Keyboard with Mouse,107.96,4,9.600000000000001,0.1,6.0,2,0.0,0.08892182289736941,36.64864864864865
Micropad Numeric Keypads,291.85,15,66.96,0.05,4.25,4,0.0,0.2294329278739078,39.51351351351351
Microsoft Arc Touch Mouse,359.70000000000005,7,91.12,0.1,5.0,2,0.0,0.25332221295524043,4.540540540540539
Microsoft Natural Ergonomic Keyboard 4000,557.81,19,107.66,0.04,2.8,5,42.86,0.1930047865760743,49.56756756756757
Microsoft Natural Keyboard Elite,1497.0,29,20.960000000000008,0.15000000000000002,4.0,4,0.0,0.014001336005344027,40.27027027027027
Microsoft Sculpt Comfort Mouse,1574.03,42,634.4,0.06000000000000001,4.4,10,49.12,0.40304187340774955,75.83783783783784
Microsoft Wireless Mobile Mouse 4000,591.85,15,183.95,0.05,4.25,4,0.0,0.31080510264425104,4.540540540540539
"Mini 13-1/2 Capacity Data Binder Rack, Pearl",1465.75,12,287.92,0.08,4.8,5,-61.54,0.19643186082210473,66.32432432432432
Mitel 5320 IP Phone VoIP phone,2116.68,14,211.68,0.2,3.75,4,0.0,0.10000566925562675,76.27027027027027
Mitel MiVoice 5330e IP Phone,7699.7300000000005,34,780.96,0.17777777777777778,4.0,9,-33.33,0.10142693315220144,69.1891891891892
Mobile Personal File Cube,449.66,21,90.63,0.04,2.6,5,80.0,0.2015522839478717,71.72972972972973
Model L Table or Wall-Mount Pencil Sharpener,402.98,24,92.11,0.08,5.4,5,33.33,0.22857213757506575,92.64864864864865
Mophie Juice Pack Helium for iPhone,1583.81,24,201.57,0.16666666666666666,4.166666666666667,6,200.01,0.12726905373750638,42.16216216216216
Motorla HX550 Universal Bluetooth Headset,419.23,15,122.61,0.25,3.0,4,0.0,0.29246475681606754,17.729729729729726
Motorola Droid Maxx,2609.82,21,341.98,0.15000000000000002,4.75,4,0.0,0.13103585687901848,0.432432432432428
Motorola HK250 Universal Bluetooth Headset,832.24,41,-91.49,0.13333333333333336,4.111111111111111,9,103.51,-0.10993223108718637,35.08108108108108
Motorola L703CM,4211.7300000000005,32,467.98,0.16666666666666666,4.333333333333333,6,-5.45,0.11111348543235201,71.78378378378379
Motorola L804,607.06,19,-13.330000000000002,0.26666666666666666,3.1666666666666665,6,1100.05,-0.021958290778506247,23.89189189189189
Motorola Moto X,1631.95,6,142.8,0.2,1.5,2,400.0,0.08750268084193756,13.351351351351347
"Multi-Use Personal File Cart and Caster Set, Three Stacking Bins",368.46,11,93.16,0.04,5.4,5,0.0,0.2528361287521034,25.83783783783784
Multicolor Computer Printout Paper,1887.3,19,851.38,0.04,4.2,5,133.33,0.45111005139617444,89.08108108108108
Multimedia Mailers,325.86,2,149.9,0.0,1.0,1,0.0,0.46001350273123426,4.540540540540539
NETGEAR AC1750 Dual Band Gigabit Smart WiFi Router,2623.84,18,723.16,0.04,4.2,5,-83.33,0.27561131776327824,45.027027027027025
NETGEAR N750 Dual Band Wi-Fi Gigabit Router,1890.0,22,622.8,0.05714285714285715,4.285714285714286,7,-31.03,0.3295238095238095,97.56756756756756
NETGEAR RangeMax WNR1000 Wireless Router,59.98,3,12.0,0.2,7.0,1,0.0,0.20006668889629878,4.540540540540539
"Neat Ideas Personal Hanging Folder Files, Black",276.65,22,58.03,0.1142857142857143,3.4285714285714284,7,0.0,0.2097596240737394,11.027027027027025
NeatDesk Desktop Scanner & Digital Filing System,479.99,2,56.0,0.4,4.0,1,0.0,0.11666909727285985,0.432432432432428
Newell 3-Hole Punched Plastic Slotted Magazine Holders for Binders,51.18000000000001,20,3.660000000000002,0.43333333333333335,5.0,6,36.42,0.07151230949589686,82.70270270270271
Newell 307,19.29,12,3.5700000000000003,0.06666666666666667,4.333333333333333,3,86.63,0.1850699844479005,59.513513513513516
Newell 308,8.4,5,2.1,0.0,2.5,2,0.0,0.25,32.7027027027027
Newell 309,196.35000000000002,20,34.64,0.12000000000000002,3.0,5,275.0,0.17641965877259994,55.72972972972974
Newell 31,94.99000000000001,24,23.630000000000003,0.04,4.2,5,0.0,0.24876302768712497,27.18918918918919
Newell 310,38.72,25,7.49,0.1142857142857143,4.285714285714286,7,1672.34,0.19344008264462811,43.89189189189189
Newell 311,61.44,30,13.04,0.07500000000000001,4.625,8,395.02,0.21223958333333331,27.567567567567565
Newell 312,234.77,49,34.46,0.16363636363636364,3.0,11,190.01,0.14678195680879158,73.02702702702703
Newell 313,28.21,10,4.2700000000000005,0.13333333333333333,4.0,3,0.0,0.1513647642679901,15.135135135135137
Newell 314,118.3,24,17.85,0.08571428571428573,3.857142857142857,7,450.0,0.15088757396449706,72.16216216216216
Newell 315,145.91,25,33.790000000000006,0.03333333333333333,4.166666666666667,6,0.0,0.23158111164416426,41.62162162162162
Newell 316,46.94,11,8.22,0.1,5.0,2,0.0,0.17511717085641246,34.81081081081081
Newell 317,79.97,32,13.17,0.1142857142857143,5.0,7,-33.33,0.16468675753407527,60.378378378378386
Newell 318,61.72,23,14.41,0.04,3.4,5,117.16,0.23347375243033053,24.648648648648653
Newell 319,511.87,28,123.00999999999999,0.1,3.125,8,-74.47,0.2403149237110985,85.62162162162163
Newell 32,47.23,17,11.99,0.03333333333333333,3.6666666666666665,6,0.0,0.25386406944738515,31.45945945945946
Newell 320,81.32,23,9.47,0.17142857142857146,3.0,7,0.0,0.1164535169699951,64.05405405405405
Newell 321,65.6,22,14.37,0.1,4.0,4,0.0,0.2190548780487805,82.21621621621622
Newell 322,30.580000000000002,18,6.6499999999999995,0.06666666666666667,5.0,6,20.05,0.2174623937213865,23.729729729729733
Newell 323,21.17,14,3.7600000000000002,0.06666666666666667,5.666666666666667,3,0.0,0.1776098252243741,32.10810810810811
Newell 324,263.34000000000003,23,72.07,0.028571428571428574,3.857142857142857,7,-33.33,0.2736766157818789,68.37837837837839
Newell 325,128.03,34,29.73,0.10000000000000002,3.6666666666666665,6,111.11,0.23221120049988284,44.37837837837838
Newell 326,36.6,23,7.87,0.06666666666666667,4.0,6,-51.6,0.21502732240437158,47.40540540540541
Newell 327,39.78,18,10.74,0.0,3.75,4,-33.33,0.26998491704374056,61.51351351351351
Newell 328,75.92,13,19.740000000000002,0.0,2.3333333333333335,3,-14.29,0.2600105374077977,38.67567567567568
Newell 329,24.27,8,4.85,0.1,4.5,2,0.0,0.19983518747424803,25.51351351351351
Newell 33,47.989999999999995,10,8.37,0.13333333333333333,5.666666666666667,3,158.4,0.17441133569493644,21.56756756756757
Newell 330,59.800000000000004,11,11.11,0.05,2.0,4,0.0,0.1857859531772575,64.35135135135135
Newell 331,75.31,17,14.62,0.1,4.75,4,-33.33,0.19413092550790065,94.0
Newell 332,67.03,24,15.53,0.04,3.8,5,-72.97,0.23168730419215275,42.75675675675675
Newell 333,86.74,33,18.84,0.05454545454545456,4.090909090909091,11,-53.49,0.2172008300668665,60.32432432432433
Newell 334,531.71,27,135.3,0.03333333333333333,4.0,6,525.08,0.25446201876963004,51.94594594594595
Newell 335,34.56,12,10.03,0.0,5.75,4,-33.33,0.2902199074074074,98.21621621621621
Newell 336,68.48,18,13.78,0.1,3.25,4,0.0,0.20122663551401868,32.432432432432435
Newell 337,10.5,4,1.18,0.2,3.0,2,0.0,0.11238095238095237,41.0
Newell 338,23.52,8,6.35,0.0,5.0,2,-40.0,0.2699829931972789,30.243243243243246
Newell 339,26.69,10,6.109999999999999,0.06666666666666667,4.333333333333333,3,399.78,0.22892469089546644,13.83783783783784
Newell 34,460.28000000000003,25,93.26,0.05714285714285715,4.571428571428571,7,35.72,0.20261579907882157,95.78378378378378
Newell 340,25.92,9,7.52,0.0,6.0,2,0.0,0.2901234567901234,26.51351351351351
Newell 341,96.73,23,26.830000000000002,0.028571428571428574,4.571428571428571,7,-84.0,0.2773699989661946,83.13513513513513
Newell 342,9.84,3,2.85,0.0,2.0,1,0.0,0.28963414634146345,4.540540540540539
Newell 343,65.26,24,13.760000000000002,0.05714285714285715,4.571428571428571,7,-52.82,0.21084891204413117,68.21621621621622
Newell 344,45.589999999999996,18,8.57,0.06666666666666667,4.666666666666667,6,193.29,0.18797982013599476,58.10810810810811
Newell 345,476.17,26,94.46000000000001,0.06666666666666668,3.7777777777777777,9,-47.46,0.19837453010479453,79.08108108108108
Newell 346,31.1,11,8.62,0.04,5.6,5,-57.14,0.27717041800643083,38.75675675675676
Newell 347,127.53999999999999,32,30.32,0.08571428571428573,3.4285714285714284,7,0.0,0.23772933981496003,46.75675675675676
Newell 348,65.6,24,9.72,0.16666666666666666,4.5,6,-58.34,0.1481707317073171,83.83783783783784
Newell 349,42.64,14,10.04,0.06666666666666667,3.3333333333333335,3,0.0,0.23545966228893056,24.297297297297295
Newell 35,93.14999999999999,30,23.29,0.06666666666666668,5.333333333333333,9,60.01,0.25002683843263557,95.35135135135135
Newell 350,62.32,20,15.74,0.06666666666666667,4.333333333333333,6,0.0,0.25256739409499357,31.56756756756757
Newell 351,82.66,26,22.1,0.028571428571428574,4.285714285714286,7,118.67,0.26736027098959597,57.081081081081074
Newell Chalk Holder,83.42,21,36.59,0.05714285714285715,4.142857142857143,7,23.97,0.4386238312155359,99.51351351351352
Nokia Lumia 1020,1439.97,4,144.0,0.2,4.0,1,0.0,0.10000208337673701,4.540540540540539
Nokia Lumia 521 (T-Mobile),515.8299999999999,20,83.98,0.16,3.8,5,141.65,0.16280557548029392,96.21621621621621
Nokia Lumia 925,1310.3000000000002,11,284.74,0.06666666666666667,3.0,3,0.0,0.21730901320308324,4.540540540540539
Nontoxic Chalk,42.94,27,18.23,0.07500000000000001,4.375,8,-25.51,0.42454587796925947,79.94594594594595
Nortel Business Series Terminal T7208 Digital phone,1000.73,9,100.08,0.20000000000000004,4.666666666666667,3,-20.0,0.10000699489372758,36.972972972972975
Nortel Meridian M3904 Professional Digital phone,4434.91,32,936.25,0.08,3.6,10,2.5,0.2111091318651337,87.94594594594595
Nortel Meridian M5316 Digital phone,2744.87,13,253.78,0.2,4.0,4,-57.14,0.09245610903248606,33.027027027027025
Nortel Networks T7316 E Nt8 B27,1876.52,29,397.75,0.06666666666666667,3.8333333333333335,6,1400.06,0.211961503208066,11.837837837837839
Novimex Fabric Task Chair,1890.3899999999999,39,-131.13,0.1888888888888889,4.333333333333333,9,-10.42,-0.06936663863012395,98.8108108108108
Novimex High-Tech Fabric Mesh Task Chair,922.74,16,-133.44,0.15000000000000002,4.5,4,0.0,-0.1446127836660381,35.83783783783784
Novimex Swivel Fabric Task Chair,2913.92,25,-445.39,0.2,3.5,8,-49.09,-0.15284908302218317,88.54054054054055
Novimex Turbo Task Chair,1341.51,22,-32.66,0.13333333333333333,4.333333333333333,6,-4.0,-0.024345699994781998,74.05405405405405
Nu-Dell EZ-Mount Plastic Wall Frames,19.7,8,0.7900000000000005,0.3,0.0,2,0.0,0.04010152284263962,4.540540540540539
Nu-Dell Executive Frame,409.54,39,98.96,0.16666666666666666,3.1666666666666665,6,252.01,0.24163695853884842,55.18918918918919
Nu-Dell Float Frame 11 x 14 1/2,170.63,22,56.03,0.17142857142857143,3.5714285714285716,7,0.0,0.32837132977788197,49.189189189189186
Nu-Dell Leatherette Frames,246.65,18,81.46,0.06666666666666667,2.6666666666666665,3,0.0,0.3302655584836813,14.216216216216216
Nu-Dell Oak Frame,151.64999999999998,16,35.45,0.13333333333333333,2.3333333333333335,3,100.0,0.23376195186284213,62.54054054054055
O'Sullivan 2-Door Barrister Bookcase in Odessa Pine,4886.47,31,566.48,0.15,4.714285714285714,7,-23.73,0.11592826723585738,72.86486486486487
O'Sullivan 2-Shelf Heavy-Duty Bookcases,723.85,21,-133.11,0.18333333333333335,3.6666666666666665,6,570.01,-0.18389169026732058,83.78378378378379
O'Sullivan 3-Shelf Heavy-Duty Bookcases,1119.2,22,147.09,0.16999999999999998,2.6,5,0.0,0.13142423159399572,29.405405405405403
O'Sullivan 4-Shelf Bookcase in Odessa Pine,2740.2,37,-975.1200000000001,0.4214285714285714,4.0,7,0.0,-0.3558572366980513,14.486486486486482
O'Sullivan 5-Shelf Heavy-Duty Bookcases,540.8,9,-12.299999999999997,0.175,3.75,4,0.0,-0.022744082840236685,18.7027027027027
O'Sullivan Cherrywood Estates Traditional Barrister Bookcase,1072.34,9,-78.36000000000001,0.15,5.5,2,0.0,-0.07307383852136451,4.540540540540539
O'Sullivan Cherrywood Estates Traditional Bookcase,424.90000000000003,6,27.2,0.1,5.0,2,-75.0,0.06401506236761591,15.837837837837842
"O'Sullivan Elevations Bookcase, Cherry Finish",1912.3,18,-68.11,0.2,3.2,5,101.25,-0.03561679652774146,55.513513513513516
O'Sullivan Living Dimensions 2-Shelf Bookcases,2970.06,28,-78.63,0.11000000000000001,4.3,10,8.51,-0.026474212642168843,78.0
O'Sullivan Living Dimensions 3-Shelf Bookcases,2904.16,17,-170.84000000000003,0.2,3.5,4,0.0,-0.05882596000220375,10.540540540540544
O'Sullivan Living Dimensions 5-Shelf Bookcases,3420.77,21,-755.76,0.24,4.666666666666667,6,0.0,-0.22093271397960107,63.567567567567565
O'Sullivan Manor Hill 2-Door Library in Brianna Oak,1646.92,12,-285.95,0.2475,5.0,4,0.0,-0.17362713428703275,29.729729729729726
O'Sullivan Plantations 2-Door Library in Landvery Oak,2946.36,22,-767.75,0.332,4.4,5,-61.76,-0.26057576127832305,41.67567567567567
"OIC #2 Pencils, Medium Soft",30.83,17,8.15,0.05714285714285715,4.571428571428571,7,1028.0,0.26435290301654235,56.432432432432435
OIC Binder Clips,128.16,38,60.14,0.028571428571428574,3.857142857142857,7,-18.18,0.46925717852684146,99.45945945945947
"OIC Binder Clips, Mini, 1/4"" Capacity, Black",15.620000000000001,13,7.08,0.04,4.4,5,0.0,0.45326504481434055,52.10810810810811
OIC Bulk Pack Metal Binder Clips,92.14,30,35.59,0.125,3.625,8,-41.81,0.386260039070979,88.75675675675676
"OIC Colored Binder Clips, Assorted Sizes",139.62,44,59.28,0.08571428571428573,2.5714285714285716,7,-27.53,0.4245810055865922,77.83783783783784
OIC Stacking Trays,82.83,30,26.72,0.16666666666666666,4.0,6,143.55,0.322588434142219,87.02702702702703
OIC Thumb-Tacks,12.99,13,5.15,0.13333333333333333,1.6666666666666667,3,0.0,0.3964588144726713,12.16216216216216
"Office Impressions End Table, 20-1/2""H x 24""W x 20""D",5801.82,23,-66.83,0.18,3.8,5,-10.89,-0.011518799273331472,39.35135135135135
Office Impressions Heavy Duty Welded Shelving & Multimedia Storage Drawers,3178.13,20,-167.27,0.04,3.8,5,0.0,-0.052631578947368425,29.567567567567565
Office Star - Contemporary Swivel Chair with Padded Adjustable Arms and Flex Back,3989.73,32,425.76,0.15714285714285717,4.857142857142857,7,39.66,0.10671398816461264,87.1891891891892
Office Star - Contemporary Task Swivel Chair,1842.26,20,155.37,0.18333333333333335,4.166666666666667,6,-35.29,0.08433663000879354,77.35135135135135
"Office Star - Contemporary Task Swivel chair with 2-way adjustable arms, Plum",694.2,7,-158.49,0.25,5.0,2,0.0,-0.22830596369922213,31.94594594594594
"Office Star - Contemporary Task Swivel chair with Loop Arms, Charcoal",3680.5299999999997,35,-491.17,0.18888888888888888,3.111111111111111,9,36.62,-0.13345088886654913,97.35135135135135
Office Star - Ergonomic Mid Back Chair with 2-Way Adjustable Arms,2207.96,13,231.65,0.1,2.5,2,0.0,0.10491584992481748,20.16216216216217
Office Star - Ergonomically Designed Knee Chair,1311.88,19,-42.11,0.17142857142857143,3.4285714285714284,7,-13.52,-0.032098972466993926,96.1081081081081
Office Star - Mesh Screen back chair with Vinyl seat,2200.46,20,-130.98000000000002,0.14285714285714285,4.285714285714286,7,0.0,-0.0595239177262936,72.21621621621621
Office Star - Mid Back Dual function Ergonomic High Back Chair with 2-Way Adjustable Arms,4185.49,31,342.88,0.16,4.2,5,16.13,0.0819211131791021,96.0
Office Star - Professional Matrix Back Chair with 2-to-1 Synchro Tilt and Mesh Fabric Seat,8774.5,28,1305.66,0.1,3.875,8,-20.0,0.1488016411191521,84.64864864864865
Office Star - Task Chair with Contemporary Loop Arms,600.46,8,47.31,0.15000000000000002,5.0,2,0.0,0.07878959464410619,21.24324324324325
Office Star Flex Back Scooter Chair with Aluminum Finish Frame,1947.18,20,413.64,0.05000000000000001,3.8333333333333335,6,7.81,0.21243028379502665,81.62162162162161
Office Star Flex Back Scooter Chair with White Frame,1775.67,21,-228.6,0.21428571428571427,4.428571428571429,7,-57.83,-0.12874013752555372,72.64864864864865
Okidata B400 Printer,1029.6,3,115.83,0.2,4.0,2,-50.0,0.1125,26.10810810810811
Okidata B401 Printer,179.99,3,-251.99,0.7,2.0,1,0.0,-1.4000222234568587,4.540540540540539
Okidata C331dn Printer,3210.8,12,111.68,0.24000000000000005,4.6,5,0.0,0.034782608695652174,30.43243243243243
Okidata C610n Printer,2011.9,5,-292.04999999999995,0.4,5.5,2,-52.38,-0.14516129032258063,25.351351351351347
Okidata MB491 Multifunction Printer,2844.2999999999997,9,-434.13,0.44999999999999996,1.0,2,433.33,-0.15263157894736842,12.891891891891893
Okidata MB760 Printer,7834.4,7,881.37,0.2,2.5,2,0.0,0.1125,4.540540540540539
Ooma Telo VoIP Home Phone System,2015.8300000000002,18,314.98,0.12000000000000002,3.2,5,-65.22,0.1562532554828532,44.75675675675676
OtterBox Commuter Series Case - Samsung Galaxy S4,384.84000000000003,18,-55.98,0.15000000000000002,4.25,4,0.0,-0.14546304957904582,30.86486486486486
OtterBox Commuter Series Case - iPhone 5 & 5s,285.87,16,102.92,0.15000000000000002,3.5,4,0.0,0.36002378703606536,31.189189189189193
OtterBox Defender Series Case - Samsung Galaxy S4,689.78,27,122.96,0.15000000000000002,3.0,8,209.09,0.17825973498796718,50.59459459459459
OtterBox Defender Series Case - iPhone 5c,133.13,5,3.6899999999999995,0.30000000000000004,3.0,2,0.0,0.02771726883497333,26.972972972972975
PNY Rapid USB Car Charger - Black,9.59,2,-2.08,0.4,5.0,1,0.0,-0.21689259645464026,4.540540540540539
"Padded Folding Chairs, Black, 4/Carton",1830.1399999999999,30,80.97999999999999,0.225,4.125,8,158.33,0.04424798102877375,90.97297297297298
Panasonic Business Telephones KX-T7736,546.06,3,163.82,0.0,4.0,1,0.0,0.3000036626011794,4.540540540540539
Panasonic KP-150 Electric Pencil Sharpener,573.65,16,126.81,0.05,4.5,4,0.0,0.2210581364943781,16.918918918918923
Panasonic KP-310 Heavy-Duty Electric Pencil Sharpener,197.82,9,59.349999999999994,0.0,4.0,2,0.0,0.30002022040238596,0.432432432432428
Panasonic KP-350BK Electric Pencil Sharpener with Auto Stop,124.49,4,26.279999999999998,0.06666666666666667,3.6666666666666665,3,0.0,0.21110129327656837,74.16216216216216
Panasonic KP-380BK Classic Electric Pencil Sharpener,705.1999999999999,22,111.53,0.10000000000000002,5.0,6,0.0,0.15815371525808283,76.91891891891892
Panasonic KP-4ABK Battery-Operated Pencil Sharpener,234.24,16,67.94,0.0,4.25,4,-70.0,0.2900443989071038,45.89189189189189
Panasonic KX - TS880B Telephone,453.41999999999996,11,122.43,0.0,2.3333333333333335,3,0.0,0.27001455604075697,8.594594594594597
Panasonic KX MB2061 Multifunction Printer,2396.4,10,179.73,0.2,7.0,1,0.0,0.075,4.540540540540539
Panasonic KX MC6040 Color Laser Multifunction Printer,1619.82,5,-22.5,0.35,3.5,2,0.0,-0.01389043227025225,4.540540540540539
Panasonic KX T7731-B Digital phone,659.93,8,75.99000000000001,0.20000000000000004,4.666666666666667,3,0.0,0.11514857636415986,44.91891891891891
Panasonic KX T7736-B Digital phone,1259.58,10,134.95,0.16,3.4,5,0.0,0.1071388875656965,56.486486486486484
Panasonic KX TS208W Corded phone,1283.54,32,154.81,0.16666666666666666,5.0,6,-49.37,0.12061174564096172,45.18918918918919
Panasonic KX TS3282B Corded phone,590.34,9,44.28,0.20000000000000004,4.333333333333333,3,0.0,0.07500762272588678,26.51351351351351
Panasonic KX TS3282W Corded phone,1665.8,25,178.47,0.2285714285714286,3.5714285714285716,7,-87.5,0.10713771161003723,87.29729729729729
Panasonic KX-TG6844B Expandable Digital Cordless Telephone,1135.02,22,75.24000000000001,0.2,4.428571428571429,7,237.5,0.06628958080033832,45.40540540540541
Panasonic KX-TG9471B,4978.150000000001,27,1168.11,0.05714285714285715,2.7142857142857144,7,-51.11,0.23464740917810828,96.8108108108108
Panasonic KX-TG9541B DECT 6.0 Digital 2-Line Expandable Cordless Phone With Digital Answering System,3059.8,25,1147.43,0.2,3.8,5,120.0,0.3750016340937316,82.86486486486486
Panasonic Kx-TS550,846.22,23,95.2,0.2,4.857142857142857,7,-50.0,0.11250029543144809,82.10810810810811
Park Ridge Embossed Executive Business Envelopes,62.28,4,29.27,0.0,4.0,1,0.0,0.4699743095696853,4.540540540540539
Pastel Pink Envelopes,65.52,9,31.439999999999998,0.0,2.3333333333333335,3,0.0,0.47985347985347987,10.783783783783784
PayAnywhere Card Reader,199.8,25,17.48,0.2,3.4,5,112.48,0.08748748748748748,25.08108108108108
Peel & Seel Envelopes,62.86,18,26.53,0.1,4.5,4,0.0,0.4220489977728285,81.83783783783784
"Peel & Seel Recycled Catalog Envelopes, Brown",264.02,26,113.48,0.10000000000000002,4.166666666666667,6,625.04,0.4298159230361337,20.54054054054054
Peel & Stick Add-On Corner Pockets,38.019999999999996,30,4.3,0.39999999999999997,4.142857142857143,7,25.0,0.11309836927932668,93.56756756756756
Peel-Off China Markers,287.97,31,109.42,0.08571428571428573,4.285714285714286,7,0.0,0.3799701357780324,46.32432432432433
Pencil and Crayon Sharpener,29.34,16,3.7600000000000002,0.15000000000000002,4.75,4,0.0,0.1281526925698705,4.540540540540539
Penpower WorldCard Pro Card Scanner,91.48,1,-1.83,0.5,3.0,1,0.0,-0.020004372540446,8.594594594594597
"Performers Binder/Pad Holder, Black",611.0500000000001,36,106.5,0.3625,4.375,8,312.46,0.1742901562883561,91.89189189189189
"Perixx PERIBOARD-512B, Ergonomic Split Keyboard",419.88,12,29.4,0.0,5.0,3,25.0,0.07002000571591883,76.08108108108108
"Perma STOR-ALL Hanging File Box, 13 1/8""W x 12 1/4""D x 10 1/2""H",180.60000000000002,33,16.8,0.05,5.0,8,0.0,0.09302325581395349,53.02702702702703
Permanent Self-Adhesive File Folder Labels for Typewriters by Universal,44.37,18,18.990000000000002,0.03333333333333333,4.166666666666667,6,266.67,0.4279918864097364,44.97297297297297
"Permanent Self-Adhesive File Folder Labels for Typewriters, 1 1/8 x 3 1/2, White",153.72,29,55.07,0.13333333333333333,5.166666666666667,6,0.0,0.35824876398646893,53.56756756756758
Personal Creations Ink Jet Cards and Labels,321.44,28,157.5,0.0,3.5,4,0.0,0.48998257839721254,51.702702702702695
Personal File Boxes with Fold-Down Carry Handle,177.61,12,37.38,0.04,5.0,5,0.0,0.2104611226845335,20.324324324324326
"Personal Filing Tote with Lid, Black/Gray",459.09000000000003,31,112.9,0.05,3.875,8,-64.91,0.24592127905203773,85.56756756756756
"Personal Folder Holder, Ebony",145.73000000000002,14,35.86,0.03333333333333333,3.3333333333333335,6,-80.0,0.2460715020929115,89.4054054054054
Petty Cash Envelope,231.85,10,94.36,0.13333333333333333,3.6666666666666665,3,0.0,0.4069872762562001,21.62162162162162
Pizazz Global Quick File,353.29,24,94.61,0.03333333333333333,3.5,6,0.0,0.2677969939709587,44.16216216216217
Plantronics 81402,844.67,15,112.18,0.15000000000000002,4.25,4,0.0,0.13280926278901822,54.21621621621622
Plantronics Audio 478 Stereo USB Headset,1619.68,34,514.9,0.06666666666666668,4.222222222222222,9,9.76,0.3179023016892225,99.89189189189189
Plantronics Audio 995 Wireless Stereo Headset,1913.13,18,587.13,0.05,3.5,4,1300.0,0.30689498361324113,16.702702702702698
"Plantronics CS 50-USB - headset - Convertible, Monaural",1468.68,13,178.16,0.12000000000000002,4.0,5,0.0,0.1213062069341177,62.91891891891892
Plantronics CS510 - Over-the-Head monaural Wireless Headset System,10822.36,35,3085.04,0.08,4.3,10,-23.08,0.28506166861941384,83.4054054054054
Plantronics Calisto P620-M USB Wireless Speakerphone System,2508.67,14,505.65999999999997,0.1,4.25,4,900.01,0.2015649726747639,41.783783783783775
Plantronics Cordless Phone Headset with In-line Volume - M214C,908.7,27,219.82999999999998,0.03333333333333333,3.5,6,-81.25,0.24191702432045778,45.24324324324325
Plantronics Encore H101 Dual Earpieces Headset,746.17,18,163.63,0.08571428571428573,4.714285714285714,7,-5.0,0.21929319055979202,48.378378378378386
Plantronics HL10 Handset Lifter,2227.01,24,250.54,0.20000000000000004,4.0,3,0.0,0.11250061741976909,13.67567567567568
Plantronics MX500i Earset,618.48,15,-6.419999999999999,0.05714285714285715,3.4285714285714284,7,0.0,-0.010380287155607293,20.486486486486488
Plantronics S12 Corded Telephone Headset System,2242.04,23,754.53,0.10000000000000002,3.0,6,18.52,0.33653726070899714,97.78378378378379
Plantronics Savi W720 Multi-Device Wireless Headset System,9367.289999999999,24,3696.2799999999997,0.05714285714285715,4.0,7,150.0,0.3945943810856715,86.75675675675676
Plantronics Single Ear Headset,29.92,5,-21.94,0.7,5.0,1,0.0,-0.7332887700534759,0.432432432432428
Plantronics Voyager Pro HD - Bluetooth Headset,1221.82,25,376.94,0.12000000000000002,4.2,5,40.0,0.3085069813884206,72.32432432432432
Plantronics Voyager Pro Legend,1359.54,8,173.03,0.20000000000000004,3.3333333333333335,3,0.0,0.12727098871677187,67.24324324324324
Plastic Binding Combs,269.67,23,84.98,0.26,4.0,5,-91.55,0.3151258946119331,17.35135135135135
Plastic Stacking Crates & Casters,35.71,8,2.67,0.2,4.0,4,0.0,0.0747689722766732,4.540540540540539
Plymouth Boxed Rubber Bands by Plymouth,77.24000000000001,18,-3.29,0.08,4.2,5,0.0,-0.042594510616261,43.45945945945946
Poly Designer Cover & Back,451.96,35,106.34,0.37142857142857144,3.4285714285714284,7,-39.39,0.23528630852287816,89.45945945945945
Poly String Tie Envelopes,68.13,35,30.29,0.07272727272727274,4.363636363636363,11,-65.98,0.4445912226625569,85.24324324324324
Polycom CX300 Desktop Phone USB VoIP phone,1679.88,15,60.0,0.2,4.0,5,0.0,0.03571683691692264,66.43243243243244
Polycom CX600 IP Phone VoIP phone,4619.2300000000005,17,896.85,0.15000000000000002,3.25,4,566.67,0.1941557359126954,18.810810810810807
Polycom SoundPoint IP 450 VoIP phone,3839.63,22,162.60999999999999,0.23333333333333336,4.333333333333333,6,824.99,0.04235043480752051,11.729729729729732
Polycom SoundPoint Pro SE-225 Corded phone,1903.84,19,276.05,0.15000000000000002,5.0,4,140.0,0.1449964282712833,18.05405405405406
Polycom SoundStation2 EX Conference phone,3968.5099999999998,12,518.34,0.2,1.0,4,0.0,0.13061325283292724,24.108108108108105
Polycom VVX 310 VoIP phone,6227.66,40,899.96,0.15000000000000002,3.625,8,25.0,0.14451013703381368,99.02702702702703
Polycom VoiceStation 500 Conference phone,3657.38,15,339.21,0.16,5.0,5,0.0,0.09274672032985361,27.94594594594595
Portable Personal File Box,224.66000000000003,19,55.31,0.03333333333333333,4.333333333333333,6,0.0,0.24619424908751,64.5945945945946
Portfile Personal File Boxes,99.11999999999999,7,7.43,0.2,3.0,2,0.0,0.07495964487489912,12.432432432432428
"Post-it “Important Message” Note Pad, Neon Colors, 50 Sheets/Pad",62.61,9,28.54,0.1,4.0,2,0.0,0.45583772560293884,8.594594594594597
PowerGen Dual USB Car Charger,127.87,14,52.36000000000001,0.1,4.5,4,94.99,0.4094783764761086,43.67567567567568
Prang Colored Pencils,90.56,32,38.82,0.05714285714285715,4.142857142857143,7,96.05,0.4286660777385159,93.94594594594594
Prang Drawing Pencil Set,100.08,39,27.06,0.07272727272727274,3.3636363636363638,11,-9.62,0.27038369304556353,99.78378378378379
Prang Dustless Chalk Sticks,38.97,24,18.81,0.07500000000000001,3.0,8,511.92,0.4826789838337182,80.54054054054053
Premier Automatic Letter Opener,2836.3599999999997,14,-427.86,0.12000000000000002,2.8,5,-63.89,-0.1508482703182953,47.67567567567568
Premier Electric Letter Opener,2641.62,24,0.0,0.07500000000000001,4.125,8,-6.78,0.0,39.72972972972973
"Premier Elliptical Ring Binder, Black",526.61,46,-201.51,0.6444444444444444,3.6666666666666665,9,59.27,-0.38265509580144696,57.351351351351354
Premium Transparent Presentation Covers by GBC,753.19,43,284.06,0.21000000000000002,4.0,10,30.07,0.3771425536717163,50.43243243243243
"Premium Transparent Presentation Covers, No Pattern/Clear, 8 1/2"" x 11""",698.04,29,90.75,0.2857142857142857,4.571428571428571,7,-59.09,0.1300068763967681,65.94594594594594
"Premium Writing Pencils, Soft, #2 by Central Association for the Blind",81.64999999999999,29,19.439999999999998,0.08571428571428573,3.857142857142857,7,50.07,0.23808940600122475,68.48648648648648
"Pressboard Covers with Storage Hooks, 9 1/2"" x 11"", Light Blue",102.62,44,-11.870000000000001,0.45,4.333333333333333,12,171.62,-0.1156694601442214,65.45945945945945
"Pressboard Data Binder, Crimson, 12"" X 8 1/2""",33.11,9,7.16,0.3666666666666667,4.666666666666667,3,0.0,0.2162488674116581,52.16216216216216
Pressboard Data Binders by Wilson Jones,99.32,27,22.91,0.325,3.25,8,81.94,0.23066854611357232,92.5945945945946
Pressboard Hanging Data Binders for Unburst Sheets,112.68,48,-10.13,0.43999999999999995,4.4,10,195.16,-0.08990060347887824,68.32432432432432
Presstex Flexible Ring Binders,92.83,30,24.56,0.35,3.0,8,-90.48,0.2645696434342346,25.459459459459456
Prestige Round Ring Binders,85.73,21,18.040000000000003,0.375,4.375,8,393.63,0.210428088183833,55.62162162162162
Prismacolor Color Pencil Set,436.47,24,155.55,0.08571428571428573,4.142857142857143,7,244.46,0.3563818819162829,62.5945945945946
Project Tote Personal File,193.60999999999999,15,44.2,0.05,4.5,4,0.0,0.22829399307886994,61.621621621621614
PureGear Roll-On Screen Protector,571.71,34,218.29000000000002,0.16,4.0,5,30.44,0.38181945391894495,45.081081081081074
Pyle PMP37LED,3590.02,43,576.9,0.1,4.8,10,74.28,0.16069548359062066,92.48648648648648
Pyle PRT45 Retro Home Telephone,201.57,4,22.68,0.2,2.0,1,0.0,0.11251674356303022,0.432432432432428
QVS USB Car Charger 2-Port 2.1Amp for iPod/iPhone/iPad/iPad 2/iPad 3,79.22999999999999,13,29.53,0.16,4.0,5,0.0,0.37271235643064504,12.216216216216214
Quality Park Security Envelopes,240.77,11,88.2,0.15000000000000002,4.25,4,42.85,0.36632470822776925,75.02702702702703
"Quartet Alpha White Chalk, 12/Pack",15.469999999999999,8,6.1,0.1,2.5,2,0.0,0.394311570782159,4.540540540540539
"Quartet Omega Colored Chalk, 12/Pack",80.59,15,34.160000000000004,0.08571428571428573,4.571428571428571,7,0.0,0.4238739297679613,28.918918918918923
RCA H5401RE1 DECT 6.0 4-Line Cordless Handset With Caller ID/Call Waiting,239.97,3,2.4,0.0,2.0,1,0.0,0.010001250156269533,8.594594594594597
RCA ViSYS 25423RE1 Corded phone,159.98,2,14.0,0.2,7.0,1,0.0,0.08751093886735843,4.540540540540539
RCA ViSYS 25425RE1 Corded phone,323.98,3,36.45,0.2,6.0,1,0.0,0.11250694487314032,4.540540540540539
RCA ViSYS 25825 Wireless digital phone,727.95,7,91.0,0.2,4.5,2,0.0,0.1250085857545161,4.540540540540539
RCA Visys Integrated PBX 8-Line Router,1085.24,19,130.64,0.12000000000000002,4.0,5,0.0,0.12037890236261102,24.810810810810814
"REDIFORM Incoming/Outgoing Call Register, 11"" X 8 1/2"", 100 Messages",281.89,37,127.6,0.07500000000000001,3.875,8,-28.4,0.45265883855404593,69.13513513513514
"RSVP Cards & Envelopes, Blank White, 8-1/2"" X 11"", 24 Cards/25 Envelopes/Set",89.4,19,38.24,0.10000000000000002,4.333333333333333,6,-65.97,0.42774049217002236,58.54054054054054
Razer Kraken 7.1 Surround Sound Over Ear USB Gaming Headset,2619.74,29,995.91,0.06666666666666667,3.1666666666666665,6,0.0,0.38015604601983405,52.37837837837838
Razer Kraken PRO Over Ear PC and Music Headset,2159.73,30,479.94,0.1,3.75,8,22.22,0.2222222222222222,55.837837837837846
Razer Tiamat Over Ear 7.1 Surround Sound PC Gaming Headset,5119.74,26,2155.9,0.028571428571428574,3.2857142857142856,7,366.67,0.42109560251106504,52.21621621621622
"Recycled Data-Pak for Archival Bound Computer Printouts, 12-1/2 x 12-1/2 x 16",1857.26,20,414.92999999999995,0.06666666666666667,3.8333333333333335,6,40.0,0.22340975415396871,72.27027027027026
"Recycled Desk Saver Line ""While You Were Out"" Book, 5 1/2"" X 4""",268.5,30,123.5,0.0,5.2,5,-61.54,0.45996275605214154,90.43243243243244
Recycled Easel Ring Binders,308.83,35,21.640000000000004,0.3888888888888889,3.7777777777777777,9,36.49,0.07007091279992231,64.97297297297297
Recycled Eldon Regeneration Jumbo File,235.78,20,58.96,0.03333333333333333,4.166666666666667,6,0.0,0.2500636186275341,64.0
"Recycled Interoffice Envelopes with Re-Use-A-Seal Closure, 10 x 13",68.28,5,23.05,0.2,5.5,2,0.0,0.3375805506736965,32.37837837837838
"Recycled Interoffice Envelopes with String and Button Closure, 10 x 13",259.09999999999997,12,115.14999999999999,0.08,4.0,5,-18.52,0.44442300270165963,52.43243243243243
Recycled Premium Regency Composition Covers,110.02,9,39.879999999999995,0.20000000000000004,3.0,3,0.0,0.3624795491728776,37.08108108108108
Recycled Pressboard Report Cover with Reinforced Top Hinge,69.77,34,13.77,0.3625,4.0,8,-80.74,0.19736276336534328,57.18918918918918
Recycled Steel Personal File for Hanging File Folders,1053.03,21,151.66000000000003,0.10000000000000002,4.666666666666667,6,350.0,0.14402248748848565,82.54054054054055
Recycled Steel Personal File for Standard File Folders,1072.63,20,254.32999999999998,0.05,3.25,4,0.0,0.23710878867829538,16.43243243243243
"Redi-Strip #10 Envelopes, 4 1/8 x 9 1/2",93.22,35,39.519999999999996,0.1142857142857143,3.142857142857143,7,-20.0,0.4239433597940356,94.43243243243244
"Rediform S.O.S. 1-Up Phone Message Bk, 4-1/4x3-1/16 Bk, 1 Form/Pg, 40 Messages/Bk, 3/Pk",196.98000000000002,21,94.55000000000001,0.0,3.8,5,325.0,0.4799979693369885,15.35135135135135
Rediform S.O.S. Phone Message Books,19.92,4,9.76,0.0,4.0,1,0.0,0.48995983935742965,4.540540540540539
Rediform Voice Mail Log Books,29.200000000000003,11,12.16,0.1,3.0,2,0.0,0.4164383561643835,40.32432432432432
"Rediform Wirebound ""Phone Memo"" Message Book, 11 x 5-3/4",110.01,17,43.769999999999996,0.12000000000000002,4.8,5,-50.0,0.3978729206435778,26.10810810810811
Regeneration Desk Collection,35.900000000000006,21,15.21,0.04,3.2,5,-50.0,0.42367688022284117,81.13513513513514
Revere Boxed Rubber Bands by Revere,48.0,29,-5.71,0.10000000000000002,3.1666666666666665,6,-71.69,-0.11895833333333333,90.86486486486487
Ricoh - Ink Collector Unit for GX3000 Series Printers,465.65000000000003,14,36.91,0.3,2.3333333333333335,3,0.0,0.07926554278964887,14.702702702702709
Riverleaf Stik-Withit Designer Note Cubes,136.82,15,55.33,0.08,4.0,5,-46.65,0.40439994152901626,40.054054054054056
"Riverside Furniture Oval Coffee Table, Oval End Table, End Table with Drawer",4446.18,25,-1147.41,0.3,3.4,5,0.0,-0.2580664750414963,45.45945945945946
Riverside Furniture Stanwyck Manor Table Series,917.9200000000001,5,-415.92999999999995,0.3666666666666667,2.0,3,0.0,-0.45312227645110675,30.054054054054056
"Riverside Palais Royal Lawyers Bookcase, Royale Cherry Finish",15610.97,24,-669.53,0.23399999999999999,3.6,5,-37.5,-0.042888430379406275,21.675675675675677
Rogers Deluxe File Chest,444.0,22,-34.72,0.1,4.5,8,-16.67,-0.07819819819819819,60.432432432432435
Rogers Handheld Barrel Pencil Sharpener,75.63000000000001,30,15.63,0.05714285714285715,4.857142857142857,7,-19.98,0.20666402221340735,80.75675675675676
"Rogers Jumbo File, Granite",317.77000000000004,24,-4.88,0.028571428571428574,4.857142857142857,7,-71.43,-0.015357019227743334,54.54054054054054
Rogers Profile Extra Capacity Storage Tub,518.9399999999999,32,4.699999999999999,0.028571428571428574,3.857142857142857,7,-71.43,0.00905692372914017,86.16216216216216
Rosewill 107 Normal Keys USB Wired Standard Keyboard,105.14,9,0.8100000000000005,0.06666666666666667,4.666666666666667,3,-50.0,0.007704013696024353,45.945945945945944
Round Ring Binders,29.950000000000003,28,-0.9200000000000004,0.4666666666666666,3.8333333333333335,6,0.0,-0.0307178631051753,9.675675675675677
Round Specialty Laser Printer Labels,421.01,39,162.01,0.13333333333333333,3.1666666666666665,6,-66.67,0.38481271228711905,83.35135135135135
Rubber Band Ball,58.34,16,-0.31000000000000005,0.05,3.25,4,-46.42,-0.005313678436750086,68.1081081081081
"Rubbermaid ClusterMat Chairmats, Mat Size- 66"" x 60"", Lip 20"" x 11"" -90 Degree Angle",2064.2200000000003,24,-173.14,0.2,3.0,5,-66.67,-0.08387671856681941,90.81081081081082
"Rush Hierlooms Collection 1"" Thick Stackable Bookcases",2487.7599999999998,15,410.36,0.0375,4.25,4,0.0,0.1649516030485256,21.40540540540541
Rush Hierlooms Collection Rich Wood Bookcases,489.38,4,-70.83000000000001,0.16,6.0,2,0.0,-0.14473415341861134,25.891891891891895
SAFCO Arco Folding Chair,11572.78,53,1179.37,0.2,4.461538461538462,13,-3.49,0.10190896223724981,93.67567567567568
SAFCO Boltless Steel Shelving,4704.71,46,-470.46999999999997,0.1,4.5,10,66.67,-0.09999978744704774,84.5945945945946
"SAFCO Commercial Wire Shelving, 72h",1445.26,24,-24.5,0.04,3.0,5,0.0,-0.016951967120102957,29.2972972972973
"SAFCO Commercial Wire Shelving, Black",4199.45,35,-635.4499999999999,0.14,3.8,10,-69.23,-0.15131743442593673,92.21621621621622
SAFCO Folding Chair Trolley,705.32,6,151.32999999999998,0.16666666666666666,3.3333333333333335,3,487.51,0.21455509555946234,12.48648648648648
"SAFCO Mobile Desk Side File, Wire Frame",1240.04,31,259.14,0.05,3.75,8,140.0,0.2089771297700074,80.7027027027027
SAFCO Optional Arm Kit for Workspace Cribbage Stacking Chair,245.09,12,14.91,0.2,5.0,5,0.0,0.060834795381288505,50.054054054054056
"SAFCO PlanMaster Boards, 60w x 37-1/2d, White Melamine",2979.01,26,54.71999999999997,0.26,4.6,5,106.67,0.01836851840040818,88.32432432432432
"SAFCO PlanMaster Heigh-Adjustable Drafting Table Base, 43w x 30d x 30-37h, Black",3739.1099999999997,14,608.04,0.27999999999999997,5.4,5,-47.37,0.1626162375538564,63.51351351351351
SANFORD Liquid Accent Tank-Style Highlighters,14.2,5,4.4,0.0,5.666666666666667,3,0.0,0.3098591549295775,71.0
SANFORD Major Accent Highlighters,209.57,30,77.87,0.028571428571428574,2.4285714285714284,7,3.45,0.3715703583528177,79.83783783783784
"SKILCRAFT Telephone Shoulder Rest, 2"" x 6.5"" x 2.5"", Black",56.16,8,13.0,0.06666666666666667,2.3333333333333335,3,0.0,0.23148148148148148,16.810810810810807
Sabrent 4-Port USB 2.0 Hub,96.42,15,29.200000000000003,0.05,3.0,4,200.0,0.3028417340800664,77.67567567567568
"Safco Chair Connectors, 6/Carton",881.19,26,170.85,0.15,3.75,4,0.0,0.19388554114322676,17.135135135135137
Safco Commercial Shelving,483.71,11,-7.4399999999999995,0.08,4.2,5,70.01,-0.015381116784850426,66.48648648648648
Safco Contoured Stacking Chairs,5697.76,27,870.16,0.125,3.5,8,0.0,0.1527196652719665,48.810810810810814
Safco Drafting Table,638.8199999999999,12,34.06,0.2,3.0,4,271.44,0.053317053317053324,51.51351351351352
Safco Industrial Shelving,827.12,13,-104.12,0.12000000000000002,3.0,5,40.0,-0.1258825805203598,58.7027027027027
Safco Industrial Wire Shelving,1363.06,16,-126.70000000000002,0.16,4.6,5,66.66,-0.0929526213079395,73.13513513513514
Safco Industrial Wire Shelving System,2511.04,30,-218.36,0.1,4.5,8,84.0,-0.08695998470753155,98.1081081081081
Safco Steel Mobile File Cart,683.55,9,120.87,0.08,4.0,5,144.44,0.17682685977616855,59.45945945945945
"Safco Value Mate Series Steel Bookcases, Baked Enamel Finish on Steel, Gray",858.86,17,-9.949999999999989,0.245,2.8333333333333335,6,0.0,-0.011585124467317128,62.64864864864865
"Safco Value Mate Steel Bookcase, Baked Enamel Finish on Steel, Black",802.07,14,106.47,0.19999999999999998,3.3333333333333335,3,51.11,0.13274402483573752,32.21621621621622
"Safco Wire Cube Shelving System, For Use as 4 or 5 14"" Cubes, Black",406.78000000000003,13,14.290000000000001,0.05,4.75,4,0.0,0.03512955405870495,46.7027027027027
Samsung Convoy 3,688.14,9,-31.080000000000005,0.2,3.0,2,0.0,-0.04516522800592904,25.297297297297295
Samsung Galaxy Mega 6.3,13943.669999999998,39,1822.75,0.13333333333333333,2.8333333333333335,6,205.56,0.13072239948306294,39.675675675675684
Samsung Galaxy Note 2,4507.9,14,-128.8,0.30000000000000004,3.5,2,-25.0,-0.02857206237937843,35.62162162162162
Samsung Galaxy Note 3,2155.9,13,154.0,0.20000000000000004,4.666666666666667,3,0.0,0.07143188459576047,29.45945945945946
Samsung Galaxy S III - 16GB - pebble blue (T-Mobile),7139.8,28,83.99000000000001,0.20000000000000004,3.0,6,490.0,0.011763634835709684,56.91891891891891
Samsung Galaxy S4,6134.700000000001,13,438.20000000000005,0.2,5.8,5,200.0,0.0714297357654001,80.27027027027027
Samsung Galaxy S4 Active,3999.92,8,1039.98,0.0,4.5,2,0.0,0.2600002000040001,11.32432432432432
Samsung Galaxy S4 Mini,6109.87,15,1104.49,0.12000000000000002,4.2,5,175.0,0.1807714403088773,62.432432432432435
Samsung HM1900 Bluetooth Headset,491.68,27,195.37,0.17142857142857146,4.714285714285714,7,-20.0,0.3973519362186788,93.51351351351352
Samsung Replacement EH64AVFWE Premium Headset,104.5,21,17.89,0.08,5.2,5,-27.27,0.17119617224880385,35.027027027027025
Samsung Rugby III,1385.8,24,229.65,0.125,3.875,8,-20.0,0.1657165536152403,29.78378378378378
SanDisk Cruzer 16 GB USB Flash Drive,107.91,10,14.93,0.06666666666666667,4.333333333333333,3,0.0,0.13835603743860625,19.729729729729726
SanDisk Cruzer 32 GB USB Flash Drive,361.38,20,102.7,0.06666666666666667,3.6666666666666665,6,64.0,0.2841883889534562,75.45945945945947
SanDisk Cruzer 4 GB USB Flash Drive,25.96,5,5.52,0.2,5.0,2,0.0,0.2126348228043143,32.32432432432433
SanDisk Cruzer 64 GB USB Flash Drive,1184.03,34,319.61,0.06666666666666668,4.111111111111111,9,69.81,0.2699340388334755,53.62162162162163
SanDisk Cruzer 8 GB USB Flash Drive,27.17,4,-1.36,0.2,4.0,1,0.0,-0.050055207949944794,4.540540540540539
SanDisk Ultra 16 GB MicroSDHC Class 10 Memory Card,329.94,31,-48.59,0.14285714285714285,3.7142857142857144,7,579.98,-0.14726920046068984,85.72972972972973
SanDisk Ultra 32 GB MicroSDHC Class 10 Memory Card,884.0,44,38.019999999999996,0.10909090909090911,3.1818181818181817,11,-8.47,0.04300904977375565,98.48648648648648
SanDisk Ultra 64 GB MicroSDHC Class 10 Memory Card,927.78,25,37.97,0.10000000000000002,4.166666666666667,6,0.0,0.04092565047748389,94.10810810810811
Sanford 52201 APSCO Electric Pencil Sharpener,565.3900000000001,14,140.94,0.05,3.75,4,0.0,0.24927925856488437,11.891891891891893
"Sanford Colorific Colored Pencils, 12/Box",73.15,26,20.740000000000002,0.04,3.8,5,-88.57,0.283526999316473,14.972972972972975
"Sanford Colorific Eraseable Coloring Pencils, 12 Count",45.919999999999995,15,17.87,0.05,3.0,4,0.0,0.38915505226480845,22.432432432432435
"Sanford Colorific Scented Colored Pencils, 12/Pack",47.080000000000005,11,14.59,0.0,3.0,2,0.0,0.30989804587935427,4.540540540540539
"Sanford EarthWrite Recycled Pencils, Medium Soft, #2",29.4,14,8.239999999999998,0.0,3.6666666666666665,3,250.0,0.28027210884353737,58.81081081081081
Sanford Liquid Accent Highlighters,149.63,24,48.62,0.08,3.2,5,80.0,0.32493483927019984,87.56756756756756
Sanford Pocket Accent Highlighters,22.4,14,9.64,0.0,5.0,3,-83.33,0.4303571428571429,12.351351351351347
"Sanford Prismacolor Professional Thick Lead Art Pencils, 36-Color Set",209.66,7,49.8,0.20000000000000004,4.0,3,0.0,0.2375274253553372,35.78378378378378
"Sanford Uni-Blazer View Highlighters, Chisel Tip, Yellow",30.799999999999997,14,13.55,0.0,6.666666666666667,3,0.0,0.439935064935065,25.621621621621628
"Sanitaire Vibra Groomer IR Commercial Upright Vacuum, Replacement Belts",13.0,5,1.3,0.2,4.0,1,0.0,0.1,4.540540540540539
Sannysis Cute Owl Design Soft Skin Case Cover for Samsung Galaxy S4,13.86,8,2.29,0.1,2.5,2,0.0,0.16522366522366524,35.432432432432435
Sanyo 2.5 Cubic Foot Mid-Size Office Refrigerators,4476.96,17,956.96,0.1,5.0,4,200.0,0.21375218898538295,19.351351351351354
"Sanyo Counter Height Refrigerator with Crisper, 3.6 Cubic Foot, Stainless Steel/Black",5906.52,18,1653.83,0.0,4.333333333333333,3,0.0,0.28000074493949056,21.513513513513516
Satellite Sectional Post Binders,1219.83,38,329.03000000000003,0.3727272727272727,3.8181818181818183,11,442.5,0.2697343072395334,19.62162162162162
Sauder Barrister Bookcases,754.73,16,-294.77,0.4066666666666667,4.0,3,-43.33,-0.39056351277940454,62.16216216216216
"Sauder Camden County Barrister Bookcase, Planked Cherry Finish",1064.62,10,24.189999999999998,0.09999999999999999,1.6666666666666667,3,0.0,0.02272172230467209,74.86486486486487
"Sauder Camden County Collection Libraries, Planked Cherry Finish",1909.82,19,-78.19999999999999,0.1457142857142857,3.5714285714285716,7,28.44,-0.040946267187483634,97.13513513513513
Sauder Camden County Collection Library,1368.26,16,-103.48999999999998,0.235,3.5,2,0.0,-0.07563620949234794,35.67567567567568
Sauder Cornerstone Collection Library,322.19,14,-81.17,0.2333333333333333,3.3333333333333335,3,0.0,-0.2519320897607002,47.297297297297305
"Sauder Facets Collection Library, Sky Alder Finish",1427.69,10,-8.550000000000004,0.15,2.75,4,27.5,-0.005988695024830323,99.62162162162163
"Sauder Facets Collection Locker/File Cabinet, Sky Alder Finish",1706.5100000000002,5,222.59,0.1,3.0,2,0.0,0.13043580172398636,4.540540540540539
"Sauder Forest Hills Library with Doors, Woodland Oak Finish",1014.1800000000001,10,-418.55,0.2833333333333333,4.0,3,-5.88,-0.4126979431659074,69.45945945945947
"Sauder Forest Hills Library, Woodland Oak Finish",1875.04,15,-70.5,0.125,4.0,4,-20.31,-0.03759919788377848,54.054054054054056
Sauder Inglewood Library Bookcases,2154.35,14,311.18,0.13,4.0,5,0.0,0.14444263931116114,19.56756756756757
"Sauder Mission Library with Doors, Fruitwood Finish",935.2,10,-125.74,0.26333333333333336,3.0,3,0.0,-0.1344525235243798,18.486486486486488
Security-Tint Envelopes,163.49,23,73.88,0.06666666666666668,4.0,9,80.01,0.45189308214569696,88.64864864864866
Seidio BD2-HK3IPH5-BK DILEX Case and Holster Combo for Apple iPhone 5/5s - Black,272.9,11,27.29,0.20000000000000004,4.0,3,0.0,0.1,29.18918918918919
Self-Adhesive Address Labels for Typewriters by Universal,153.51,23,64.41,0.08571428571428573,4.857142857142857,7,33.33,0.41958178620285325,93.72972972972973
Self-Adhesive Address Labels for Typewriters with Dispenser Box,26.560000000000002,9,8.959999999999999,0.2,1.0,2,0.0,0.33734939759036137,17.513513513513512
Self-Adhesive Removable Labels,110.25,35,52.92,0.0,4.0,7,466.67,0.48000000000000004,51.891891891891895
Self-Adhesive Ring Binder Labels,22.88,11,2.36,0.425,3.0,4,0.0,0.10314685314685315,41.4054054054054
Sensible Storage WireTech Storage Systems,2484.31,38,-78.09,0.07500000000000001,4.0,8,-11.27,-0.03143327523537723,75.35135135135135
Serrated Blade or Curved Handle Hand Letter Openers,23.86,9,-4.12,0.1,2.5,2,0.0,-0.1726739312657167,20.378378378378383
"Seth Thomas 12"" Clock w/ Goldtone Case",390.66,17,132.82999999999998,0.0,5.0,3,12.5,0.34001433471560943,39.189189189189186
"Seth Thomas 13 1/2"" Wall Clock",316.48,20,71.13,0.16,5.0,5,-80.01,0.2247535389282103,23.081081081081077
"Seth Thomas 14"" Day/Date Wall Clock",467.07000000000005,17,162.05,0.06666666666666667,4.833333333333333,6,0.0,0.34695013595392554,47.189189189189186
"Seth Thomas 14"" Putty-Colored Wall Clock",357.95,13,94.77000000000001,0.05,5.25,4,0.0,0.2647576477161615,33.78378378378378
"Seth Thomas 16"" Steel Case Clock",441.72999999999996,19,28.260000000000005,0.24,5.0,5,0.0,0.06397573178185771,58.86486486486486
"Seth Thomas 8 1/2"" Cubicle Clock",210.91000000000003,11,59.22,0.05,4.5,4,0.0,0.2807832724858944,15.51351351351351
Sharp 1540cs Digital Laser Copier,4399.91,10,1649.98,0.17142857142857146,3.4285714285714284,7,0.0,0.3750031250639218,60.48648648648649
Sharp AL-1530CS Digital Copier,6399.88,17,2064.96,0.25,5.75,4,0.0,0.32265604980093376,90.64864864864865
Shocksock Galaxy S4 Armband,63.510000000000005,7,-10.07,0.13333333333333333,2.0,3,0.0,-0.15855770744764602,55.2972972972973
ShoreTel ShorePhone IP 230 VoIP phone,2906.62,21,422.46000000000004,0.15000000000000002,4.5,4,0.0,0.14534407662508345,0.432432432432428
"SimpliFile Personal File, Black Granite, 15w x 6-15/16d x 11-1/4h",347.31,32,85.8,0.07500000000000001,4.0,8,586.67,0.2470415478966917,34.0
"Situations Contoured Folding Chairs, 4/Set",3641.26,64,234.25,0.18000000000000002,4.133333333333334,15,-13.2,0.06433212679127555,87.24324324324324
"SlimView Poly Binder, 3/8""",117.59,40,5.700000000000003,0.4571428571428572,4.571428571428571,7,0.0,0.04847350965218133,21.945945945945944
"SmartStand Mobile Device Holder, Assorted Colors",75.5,13,10.059999999999999,0.13333333333333333,5.333333333333333,3,0.0,0.13324503311258276,17.62162162162162
Smead Adjustable Mobile File Trolley with Lockable Top,4778.7699999999995,12,1106.6599999999999,0.06666666666666667,3.6666666666666665,3,0.0,0.23157841871443907,16.86486486486487
Smead Alpha-Z Color-Coded Name Labels First Letter Starter Set,71.25,20,32.25,0.08,3.8,5,400.0,0.45263157894736844,87.89189189189189
Smead Alpha-Z Color-Coded Second Alphabetical Labels and Starter Set,48.05,16,22.43,0.04,3.2,5,0.0,0.4668054110301769,46.81081081081081
"Snap-A-Way Black Print Carbonless Ruled Speed Letter, Triplicate",1016.79,28,453.76,0.03333333333333333,4.833333333333333,6,0.0,0.4462671741460872,43.24324324324324
"Snap-A-Way Black Print Carbonless Speed Message, No Reply Area, Duplicate",93.25,4,31.47,0.2,4.0,1,0.0,0.33747989276139406,4.540540540540539
Socket Bluetooth Cordless Hand Scanner (CHS),506.28,3,177.2,0.2,5.0,1,0.0,0.35000395038318716,4.540540540540539
Sony 16GB Class 10 Micro SDHC R40 Memory Card,190.77,16,5.15,0.1,3.75,4,0.0,0.026995858887665775,46.162162162162154
Sony 32GB Class 10 Micro SDHC R40 Memory Card,251.4,12,52.8,0.0,4.0,4,0.0,0.21002386634844866,51.24324324324324
Sony 64GB Class 10 Micro SDHC R40 Memory Card,899.75,27,132.09,0.06666666666666668,3.2222222222222223,9,344.46,0.14680744651292027,46.91891891891892
Sony 8GB Class 10 Micro SDHC R40 Memory Card,27.19,3,0.34,0.2,7.0,1,0.0,0.01250459727841118,4.540540540540539
Sony Micro Vault Click 16 GB USB 2.0 Flash Drive,1489.33,29,255.32,0.08888888888888889,4.333333333333333,9,-58.18,0.17143279192657102,91.72972972972973
Sony Micro Vault Click 4 GB USB 2.0 Flash Drive,250.92000000000002,18,35.13,0.0,3.3333333333333335,3,-71.43,0.1400047824007652,17.567567567567565
Sony Micro Vault Click 8 GB USB 2.0 Flash Drive,582.6800000000001,13,57.33,0.05,4.25,4,81.81,0.09839019702066312,28.486486486486484
"Sortfiler Multipurpose Personal File Organizer, Black",483.41999999999996,24,118.93,0.06666666666666667,3.0,6,110.0,0.24601795540110052,57.62162162162162
Southworth 100% Cotton The Best Paper,151.54,15,65.44,0.06666666666666667,3.6666666666666665,3,0.0,0.4318331793585852,57.67567567567568
"Southworth 100% Résumé Paper, 24lb.",262.97,35,113.19,0.05714285714285715,4.428571428571429,7,0.0,0.4304293265391489,16.486486486486484
Southworth 25% Cotton Antique Laid Paper & Envelopes,200.16,26,80.89,0.12000000000000002,3.2,5,-92.98,0.40412669864108713,44.5945945945946
Southworth 25% Cotton Granite Paper & Envelopes,37.94,7,13.209999999999999,0.13333333333333333,3.6666666666666665,3,0.0,0.3481813389562467,34.21621621621621
Southworth 25% Cotton Linen-Finish Paper & Envelopes,166.7,20,67.03,0.1,5.25,4,-58.46,0.4020995800839832,23.135135135135133
Southworth 25% Cotton Premium Laser Paper and Envelopes,527.47,28,236.56,0.08,3.8,5,-21.87,0.448480482302311,53.94594594594595
Southworth Parchment Paper & Envelopes,83.72,15,30.74,0.13333333333333333,4.833333333333333,6,0.0,0.36717630195891066,74.27027027027026
Southworth Structures Collection,72.8,10,36.4,0.0,3.0,2,0.0,0.5,23.621621621621625
Space Solutions Commercial Steel Shelving,1952.43,33,-74.36000000000001,0.028571428571428574,4.142857142857143,7,0.0,-0.038085872476862175,64.54054054054055
Space Solutions HD Industrial Steel Shelving.,3035.21,27,24.159999999999997,0.025,4.375,8,50.0,0.007959910516899983,46.0
Space Solutions Industrial Galvanized Steel Shelving.,520.0799999999999,7,-20.490000000000002,0.06666666666666667,2.6666666666666665,3,0.0,-0.0393977849561606,47.83783783783784
Speck Products Candyshell Flip Case,188.94,8,-18.2,0.30000000000000004,5.25,4,0.0,-0.0963268762570128,12.5945945945946
"Speediset Carbonless Redi-Letter 7"" x 8 1/2""",181.46,19,77.64,0.08,4.4,5,-34.21,0.42786288989308935,75.78378378378379
Spigen Samsung Galaxy S5 Case Wallet,234.45999999999998,15,45.879999999999995,0.08,3.2,5,0.0,0.1956836987119338,26.0
SpineVue Locking Slant-D Ring Binders by Cardinal,110.59,22,6.050000000000001,0.3875,3.875,8,-2.1,0.05470657383126865,82.37837837837839
Spiral Phone Message Books with Labels by Adams,60.03,15,25.759999999999998,0.05,2.5,4,0.0,0.4291187739463601,45.135135135135144
Square Credit Card Reader,173.82,22,11.190000000000001,0.17142857142857146,3.4285714285714284,7,-23.81,0.06437694166379014,92.27027027027027
"Square Credit Card Reader, 4 1/2"" x 4 1/2"" x 1"", White",197.8,27,54.85,0.2,3.8,5,0.0,0.27730030333670375,29.243243243243246
"Square Ring Data Binders, Rigid 75 Pt. Covers, 11"" x 14-7/8""",334.37,22,98.26,0.2571428571428572,3.142857142857143,7,-6.25,0.2938660765020785,82.27027027027027
Stackable Trays,65.3,23,17.13,0.08571428571428573,3.7142857142857144,7,0.0,0.2623277182235835,37.67567567567568
"Stacking Tray, Side-Loading, Legal, Smoke",46.59,16,-2.86,0.25,4.25,4,100.08,-0.061386563640266144,58.32432432432433
Stacking Trays by OIC,72.7,19,9.32,0.2333333333333333,4.5,6,-86.68,0.1281980742778542,46.37837837837838
Standard Line “While You Were Out” Hardbound Telephone Message Book,211.01,11,80.44,0.1,6.0,2,-28.57,0.3812141604663286,34.5945945945946
Standard Rollaway File with Lock,6594.96,40,1261.3400000000001,0.06000000000000001,4.0,10,-42.31,0.1912581729077963,90.54054054054053
Stanley Bostitch Contemporary Electric Pencil Sharpeners,275.08,19,42.79,0.14285714285714285,3.857142857142857,7,530.01,0.15555474770975716,18.86486486486486
Stanley Contemporary Battery Pencil Sharpeners,293.7,24,63.010000000000005,0.05,4.0,4,0.0,0.21453864487572355,17.94594594594595
Staple envelope,1686.79,170,751.6,0.075,4.041666666666667,48,12.5,0.44558006627973845,93.24324324324324
Staple holder,528.78,52,118.00999999999999,0.0923076923076923,3.8461538461538463,13,37.62,0.2231740988690949,89.35135135135135
Staple magnet,272.90000000000003,33,44.8,0.1,4.7,10,-77.9,0.16416269695859287,79.02702702702703
Staple remover,263.09000000000003,61,24.080000000000002,0.1111111111111111,3.388888888888889,18,7.22,0.0915276141244441,82.43243243243244
Staple-based wall hangings,422.29,62,121.98,0.2375,3.0625,16,47.05,0.28885363139075043,98.64864864864865
Staple-on labels,53.76,21,21.58,0.08,3.8,5,0.0,0.40141369047619047,13.135135135135133
Staples,755.47,215,292.23,0.1,4.304347826086956,46,3.01,0.3868188015407627,98.0
Staples in misc. colors,478.82,86,124.06,0.06315789473684212,4.473684210526316,19,952.91,0.25909527588655445,38.91891891891892
Star Micronics TSP100 TSP143LAN Receipt Printer,1035.8,4,269.31,0.0,0.0,1,0.0,0.26000193087468626,4.540540540540539
Star Micronics TSP800 TSP847IIU Receipt Printer,1286.85,4,360.31,0.25,4.5,2,0.0,0.2799937832692233,39.08108108108108
StarTech.com 10/100 VDSL2 Ethernet Extender Kit,2330.65,13,-785.77,0.425,3.75,4,0.0,-0.33714628966168236,48.64864864864865
Steel Personal Filing/Posting Tote,937.46,29,185.72,0.08,4.0,5,15.39,0.19810978601753673,63.08108108108108
Sterilite Officeware Hinged File Box,345.84000000000003,35,78.09,0.07272727272727274,3.5454545454545454,11,38.09,0.22579805690492713,51.027027027027025
Sterilite Show Offs Storage Containers,78.14,16,-6.34,0.08,4.0,5,191.71,-0.08113642180701305,85.18918918918918
Sterling Rubber Bands by Alliance,19.78,5,-3.77,0.1,4.0,2,0.0,-0.19059656218402427,0.432432432432428
Stiletto Hand Letter Openers,136.32,17,-21.99,0.15000000000000002,4.25,4,0.0,-0.16131161971830985,34.270270270270274
Stockwell Gold Paper Clips,8.1,5,3.4000000000000004,0.1,5.0,2,0.0,0.4197530864197532,4.540540540540539
Stockwell Push Pins,69.76,34,20.12,0.07500000000000001,3.75,8,14.29,0.28841743119266056,99.13513513513513
Storex Dura Pro Binders,278.57,71,50.529999999999994,0.4235294117647059,4.235294117647059,17,312.08,0.18139067379832716,77.08108108108108
Storex DuraTech Recycled Plastic Frosted Binders,94.13,39,11.45,0.5,3.875,8,90.02,0.12164028471263147,67.72972972972973
Storex Flexible Poly Binders with Double Pockets,10.83,9,-1.9999999999999996,0.4666666666666666,4.0,3,-58.62,-0.1846722068328716,23.027027027027025
"Strathmore #10 Envelopes, Ultimate White",632.52,12,309.93,0.0,3.75,4,0.0,0.4899924113071524,66.37837837837837
Strathmore Photo Frame Cards,116.96000000000001,16,53.81,0.0,4.5,4,0.0,0.46007181942544456,11.4054054054054
Strathmore Photo Mount Cards,245.44,38,106.32,0.06666666666666668,3.6666666666666665,9,162.01,0.4331812255541069,21.459459459459463
"Stride Job 150 Highlighters, Chisel Tip, Assorted Colors",17.94,3,6.46,0.0,5.0,1,0.0,0.36008918617614266,4.540540540540539
"Stur-D-Stor Shelving, Vertical 5-Shelf: 72""H x 36""W x 18 1/2""D",2552.54,23,51.06,0.0,5.0,5,0.0,0.020003604253018562,46.64864864864865
"Super Bands, 12/Pack",33.480000000000004,20,-2.5999999999999996,0.1,3.75,4,0.0,-0.07765830346475505,52.75675675675675
Super Decoflex Portable Personal File,179.76,13,39.55,0.08,3.0,5,-28.57,0.22001557632398752,34.67567567567568
Surelock Post Binders,653.99,29,210.87,0.2625,4.125,8,-56.41,0.3224361228764966,96.27027027027027
Swingline SM12-08 MicroCut Jam Free Shredder,2359.95,13,-447.99,0.5333333333333333,4.666666666666667,3,0.0,-0.18983029301468254,58.00000000000001
"TOPS ""Important Message"" Pads, Canary, 4-1/4 x 5-1/2, 50 Sheets per Pad",70.19,17,31.630000000000003,0.06666666666666667,5.333333333333333,3,21.63,0.4506339934463599,37.72972972972973
"TOPS 4 x 6 Fluorescent Color Memo Sheets, 500 Sheets per Pack",102.5,13,37.11,0.13333333333333333,5.333333333333333,3,0.0,0.36204878048780487,50.27027027027027
"TOPS Carbonless Receipt Book, Four 2-3/4 x 7-1/4 Money Receipts per Page",406.46,25,178.71,0.1,3.25,4,25.0,0.4396742606898588,84.97297297297297
"TOPS Money Receipt Book, Consecutively Numbered in Red,",88.11,11,39.65,0.0,3.5,2,75.0,0.4500056747247758,29.135135135135137
"TOPS Voice Message Log Book, Flash Format",49.5,12,20.369999999999997,0.13333333333333333,3.6666666666666665,3,-37.49,0.41151515151515144,31.351351351351354
"TRENDnet 56K USB 2.0 Phone, Internet and Fax Modem",626.53,25,212.28,0.08,4.4,5,0.0,0.3388185721354125,21.297297297297302
"Telephone Message Books with Fax/Mobile Section, 4 1/4"" x 6""",51.120000000000005,15,21.96,0.06666666666666667,3.3333333333333335,3,84.0,0.4295774647887324,28.37837837837838
"Telephone Message Books with Fax/Mobile Section, 5 1/2"" x 3 3/16""",99.06,17,40.76,0.06666666666666667,4.833333333333333,6,5.26,0.4114677972945689,40.21621621621622
Telescoping Adjustable Floor Lamp,143.92000000000002,10,-6.0,0.3,3.6666666666666665,6,79.99,-0.04168982768204558,65.78378378378378
"Tenex ""The Solids"" Textured Chair Mats",1469.1599999999999,26,-40.57000000000001,0.19999999999999998,4.571428571428571,7,77.42,-0.027614419123853096,59.67567567567568
"Tenex 46"" x 60"" Computer Anti-Static Chairmat, Rectangular Shaped",2267.97,25,148.37,0.14285714285714285,4.428571428571429,7,327.78,0.06541973659263571,25.783783783783786
Tenex Antistatic Computer Chair Mats,3317.02,25,-530.03,0.2333333333333333,4.166666666666667,6,0.0,-0.15979101723836456,30.594594594594593
Tenex B1-RE Series Chair Mats for Low Pile Carpets,1002.3599999999999,23,124.60000000000001,0.028571428571428574,4.142857142857143,7,979.99,0.12430663633824177,60.75675675675676
"Tenex Carpeted, Granite-Look or Clear Contemporary Contour Shape Chair Mats",763.67,15,-222.73,0.24,3.0,5,-50.0,-0.29165739128157453,95.08108108108108
"Tenex Chairmat w/ Average Lip, 45"" x 53""",2058.5,19,-529.76,0.3,2.75,4,0.0,-0.2573524410978868,4.540540540540539
Tenex Chairmats For Use With Carpeted Floors,175.78,11,8.8,0.0,3.0,4,-25.0,0.05006257822277848,79.7027027027027
Tenex Chairmats For Use with Hard Floors,467.71,20,-129.93,0.26666666666666666,4.166666666666667,6,0.0,-0.2778003463684762,68.7027027027027
"Tenex Contemporary Contur Chairmats for Low and Medium Pile Carpet, Computer, 39"" x 49""",1010.78,10,150.55,0.05,5.25,4,13.33,0.14894437958804094,81.56756756756756
"Tenex File Box, Personal Filing Tote with Lid, Black",338.12,24,62.66,0.08571428571428573,3.7142857142857144,7,-30.0,0.18531882172009936,70.21621621621621
"Tenex Personal Filing Tote With Secure Closure Lid, Black/Frost",279.18,22,23.27,0.12000000000000002,3.2,5,-86.11,0.08335124292571101,17.2972972972973
"Tenex Personal Project File with Scoop Front Design, Black",517.63,40,118.61,0.06000000000000001,3.6,10,-28.57,0.2291405057666673,78.5945945945946
"Tenex Personal Self-Stacking Standard File Box, Black/Gray",229.98000000000002,15,44.82,0.08,3.4,5,50.0,0.19488651187059744,74.54054054054053
"Tenex Traditional Chairmats for Hard Floors, Average Lip, 36"" x 48""",180.46,4,-46.4,0.3,3.0,2,0.0,-0.257120691565998,22.567567567567572
"Tenex Traditional Chairmats for Medium Pile Carpet, Standard Lip, 36"" x 48""",1322.17,24,172.24,0.13333333333333333,5.333333333333333,6,0.0,0.1302706913634404,42.91891891891891
"Tenex V2T-RE Standard Weight Series Chair Mat, 45"" x 53"", Lip 25"" x 12""",468.47,7,51.1,0.06666666666666667,1.0,3,0.0,0.10907848955109185,18.756756756756754
Tennsco 16-Compartment Lockers with Coat Rack,7515.52,13,1114.37,0.12000000000000002,4.2,5,50.0,0.14827583453972576,56.5945945945946
Tennsco 6- and 18-Compartment Lockers,10925.0,43,1575.09,0.05454545454545456,4.363636363636363,11,-25.71,0.14417299771167047,78.10810810810811
Tennsco Commercial Shelving,374.25,21,-48.6,0.1111111111111111,4.888888888888889,9,712.6,-0.12985971943887775,27.459459459459456
Tennsco Double-Tier Lockers,9630.86,47,429.80000000000007,0.10000000000000002,4.333333333333333,12,-4.88,0.04462737491771244,86.8108108108108
Tennsco Industrial Shelving,1281.4499999999998,29,-108.6,0.1111111111111111,3.6666666666666665,9,-22.22,-0.08474774669319912,73.56756756756756
"Tennsco Lockers, Gray",402.81,22,-26.43,0.10000000000000002,4.666666666666667,6,-5.88,-0.06561406121992999,92.05405405405406
"Tennsco Lockers, Sand",407.02,22,56.230000000000004,0.12000000000000002,2.2,5,0.0,0.13815045943688273,29.675675675675674
Tennsco Regal Shelving Units,1764.53,18,-6.08,0.05,4.5,4,233.34,-0.003445676752449661,86.37837837837839
Tennsco Single-Tier Lockers,9158.29,28,-825.76,0.07500000000000001,3.875,8,260.0,-0.09016530378487686,88.05405405405405
"Tennsco Snap-Together Open Shelving Units, Starter Sets and Add-On Units",6819.31,25,181.67000000000002,0.03333333333333333,5.833333333333333,6,0.0,0.026640525214427852,77.1891891891892
"Tennsco Stur-D-Stor Boltless Shelving, 5 Shelves, 24"" Deep, Sand",4384.04,33,-36.54,0.028571428571428574,4.571428571428571,7,-35.38,-0.008334777967354313,77.56756756756756
"Tensor ""Hersey Kiss"" Styled Floor Lamp",93.53,8,2.08,0.06666666666666667,3.3333333333333335,3,0.0,0.02223885384368652,12.054054054054053
Tensor Brushed Steel Torchiere Floor Lamp,146.10999999999999,10,6.790000000000001,0.19999999999999998,5.0,4,0.0,0.046471836287728434,39.02702702702703
Tensor Computer Mounted Lamp,536.04,36,144.72,0.0,3.625,8,0.0,0.2699798522498321,77.29729729729729
Tensor Track Tree Floor Lamp,299.85,17,38.19,0.1,3.75,4,0.0,0.12736368184092045,10.648648648648651
Texas Instrument TI-15 Fraction Calculator,41.910000000000004,8,-20.520000000000003,0.44999999999999996,3.5,2,0.0,-0.4896206156048676,4.540540540540539
Texas Instruments TI-34 Scientific Calculator,204.5,12,64.65,0.2333333333333333,3.6666666666666665,3,0.0,0.31613691931540344,59.189189189189186
Things To Do Today Pad,138.53,26,59.17,0.1142857142857143,4.0,7,27.91,0.42712769797155853,64.86486486486487
Things To Do Today Spiral Book,82.37,13,29.86,0.20000000000000004,4.0,3,0.0,0.3625106227995629,18.162162162162165
Tops Green Bar Computer Printout Paper,342.58,7,171.29,0.0,3.0,3,0.0,0.5,62.054054054054056
Tops White Computer Printout Paper,684.74,14,321.83,0.0,4.0,4,200.0,0.47000321289832636,43.18918918918919
Tops Wirebound Message Log Books,73.69999999999999,25,29.29,0.06666666666666667,4.5,6,0.0,0.3974219810040706,30.54054054054054
Toshiba IPT2010-SD IP Telephone,3613.74,31,425.32,0.17500000000000002,4.625,8,0.0,0.11769524094151766,69.62162162162161
Translucent Push Pins by OIC,24.55,15,5.84,0.13333333333333333,5.0,3,-52.38,0.23788187372708755,25.4054054054054
"Trav-L-File Heavy-Duty Shuttle II, Black",1193.81,30,278.84000000000003,0.08571428571428573,4.285714285714286,7,0.0,0.2335715063536074,13.08108108108108
Trimflex Flexible Post Binders,346.35,21,112.88999999999999,0.3,3.5,4,-82.09,0.3259419662191424,14.59459459459459
Tripp Lite Isotel 6 Outlet Surge Protector with Fax/Modem Protection,1243.78,27,74.99000000000002,0.19999999999999998,3.5,6,205.0,0.06029201305697151,49.35135135135135
Tripp Lite Isotel 8 Ultra 8 Outlet Metal Surge,823.25,16,-17.03,0.3333333333333333,3.6666666666666665,3,462.51,-0.0206863042818099,19.02702702702703
Tripp Lite TLP810NET Broadband Surge for Modem/Fax,937.85,22,130.48000000000002,0.23333333333333336,5.166666666666667,6,191.66,0.13912672602228504,93.62162162162161
Tuf-Vin Binders,669.5,26,234.32999999999998,0.2714285714285714,3.4285714285714284,7,0.0,0.3500074682598954,22.972972972972972
Tuff Stuff Recycled Round Ring Binders,80.5,23,23.97,0.2777777777777778,4.333333333333333,9,-80.47,0.29776397515527947,74.91891891891892
Turquoise Lead Holder with Pocket Clip,37.52,6,10.58,0.06666666666666667,4.666666666666667,3,0.0,0.2819829424307036,57.83783783783784
"Tyvek  Top-Opening Peel & Seel  Envelopes, Gray",610.98,17,274.94,0.0,3.6666666666666665,3,-12.5,0.4499983632852139,56.7027027027027
"Tyvek  Top-Opening Peel & Seel Envelopes, Plain White",570.77,24,225.04,0.1142857142857143,2.857142857142857,7,-60.0,0.3942744012474377,76.48648648648648
"Tyvek Interoffice Envelopes, 9 1/2"" x 12 1/2"", 100/Box",939.0899999999999,16,421.97,0.04,4.4,5,-59.46,0.44933925395861957,84.16216216216216
Tyvek Side-Opening Peel & Seel Expanding Envelopes,1266.72,14,570.02,0.0,4.0,5,-50.0,0.4499968422382215,51.62162162162163
Ultra Commercial Grade Dual Valve Door Closer,63.82,2,9.57,0.2,6.0,1,0.0,0.14995299279222815,0.432432432432428
"Ultra Door Kickplate, 8""H x 34""W",158.24,10,27.7,0.2,4.0,2,0.0,0.17505055611729017,41.0
Ultra Door Pull Handle,265.11,27,74.78,0.06666666666666667,3.3333333333333335,6,0.0,0.28207159292369205,18.324324324324326
Ultra Door Push Plate,149.26,34,37.410000000000004,0.05714285714285715,3.2857142857142856,7,-82.14,0.2506364732681228,86.48648648648648
UniKeep View Case Binders,28.84,13,-5.48,0.5,4.8,5,0.0,-0.19001386962552014,64.64864864864866
Universal Premium White Copier/Laser Paper (20Lb. and 87 Bright),129.17000000000002,24,55.97,0.08,3.4,5,0.0,0.4333049469691104,27.027027027027028
"Universal Recycled Hanging Pressboard Report Binders, Letter Size",72.8,20,8.650000000000002,0.48,4.2,5,133.33,0.11881868131868135,50.21621621621621
"Universal Ultra Bright White Copier/Laser Paper, 8 1/2"" x 11"", Ream",15.55,3,5.64,0.2,3.0,1,0.0,0.36270096463022505,4.540540540540539
Unpadded Memo Slips,18.31,5,8.36,0.1,4.0,2,0.0,0.4565811032222829,4.540540540540539
V7 USB Numeric Keypad,461.87,16,-58.779999999999994,0.15000000000000002,3.25,4,6.25,-0.12726524779699913,39.891891891891895
VTech DS6151,2746.57,25,478.78,0.125,5.125,8,-33.33,0.1743192418179766,99.24324324324324
VariCap6 Expandable Binder,122.83,10,31.130000000000003,0.3,3.3333333333333335,3,-71.88,0.25343971342505905,59.027027027027025
"Verbatim 25 GB 6x Blu-ray Single Layer Recordable Disc, 1/Pack",83.44,14,11.48,0.20000000000000004,3.3333333333333335,3,-57.14,0.13758389261744966,65.35135135135135
"Verbatim 25 GB 6x Blu-ray Single Layer Recordable Disc, 10/Pack",150.67000000000002,14,41.95,0.08,4.0,5,0.0,0.2784230437379704,18.108108108108112
"Verbatim 25 GB 6x Blu-ray Single Layer Recordable Disc, 25/Pack",248.29,12,91.04,0.12000000000000002,4.0,5,-9.09,0.36666800918281045,73.89189189189189
"Verbatim 25 GB 6x Blu-ray Single Layer Recordable Disc, 3/Pack",184.54000000000002,30,67.11,0.10000000000000002,3.8333333333333335,6,-44.44,0.36366099490625337,96.32432432432432
"Verbatim Slim CD and DVD Storage Cases, 50/Pack",80.78,8,16.15,0.1,3.5,4,87.54,0.19992572418915572,73.45945945945947
"Vinyl Coated Wire Paper Clips in Organizer Box, 800/Box",296.18,29,119.74,0.1,4.5,8,0.0,0.4042811803632926,65.72972972972973
Vinyl Sectional Post Binders,901.03,40,147.02999999999997,0.41818181818181815,3.8181818181818183,11,173.81,0.1631799163179916,84.27027027027027
"Vtech AT&T CL2940 Corded Speakerphone, Black",71.98,3,24.29,0.2,7.0,1,0.0,0.33745484856904695,4.540540540540539
Vtech CS6719,2630.12,32,418.52,0.17142857142857146,3.5714285714285716,7,0.0,0.15912581935425,75.94594594594595
WD My Passport Ultra 1TB Portable External Hard Drive,1007.4,17,33.81,0.16666666666666666,5.333333333333333,6,-66.67,0.03356164383561644,62.32432432432433
WD My Passport Ultra 2TB Portable External Hard Drive,3998.4,35,499.8,0.025,4.125,8,69.81,0.125,55.78378378378379
WD My Passport Ultra 500GB Portable External Hard Drive,708.0,12,120.36,0.0,2.75,4,0.0,0.17,76.08108108108108
Wasp CCD Handheld Bar Code Reader,336.51,3,44.87,0.4,6.0,1,0.0,0.1333392766931146,4.540540540540539
Wausau Papers Astrobrights Colored Envelopes,50.230000000000004,9,22.779999999999998,0.06666666666666667,4.333333333333333,3,0.0,0.45351383635277714,22.162162162162158
Westinghouse Clip-On Gooseneck Lamps,279.56,38,44.19,0.1111111111111111,4.111111111111111,9,-70.77,0.15806982400915723,92.43243243243244
"Westinghouse Floor Lamp with Metal Mesh Shade, Black",167.93,7,38.629999999999995,0.0,4.5,4,0.0,0.2300363246590841,51.702702702702695
"Westinghouse Mesh Shade Clip-On Gooseneck Lamp, Black",84.84,6,22.060000000000002,0.0,3.0,2,100.0,0.26001885902876004,26.51351351351351
Weyerhaeuser First Choice Laser/Copy Paper (20Lb. and 88 Bright),155.51999999999998,25,71.27,0.04,3.6,5,200.0,0.4582690329218107,67.78378378378378
"While You Were Out Pads, 50 per Pad, 4 x 5 1/4, Green Cycle",50.129999999999995,13,18.79,0.15000000000000002,2.5,4,0.0,0.3748254538200678,31.999999999999996
"White Business Envelopes with Contemporary Seam, Recycled White Business Envelopes",336.95,34,150.97,0.10000000000000002,3.8333333333333335,6,34.61,0.44804867190977893,88.21621621621621
White Computer Printout Paper by Universal,1279.08,37,547.67,0.1,2.75,8,-84.54,0.42817493823685776,54.270270270270274
"White Dual Perf Computer Printout Paper, 2700 Sheets, 1 Part, Heavyweight, 20 lbs., 14 7/8 x 11",909.98,24,408.28,0.10000000000000002,2.1666666666666665,6,-45.31,0.4486692015209125,48.48648648648649
"White Envelopes, White Envelopes with Clear Poly Window",320.25,22,139.06,0.08,4.6,5,-58.33,0.4342232630757221,14.054054054054054
White GlueTop Scratch Pads,186.5,14,72.78999999999999,0.1,3.5,2,0.0,0.3902949061662198,4.540540540540539
Wi-Ex zBoost YX540 Cellular Phone Signal Booster,2481.15,19,539.99,0.10000000000000002,3.3333333333333335,6,-55.88,0.21763698285069424,93.83783783783784
Wilson Electronics DB Pro Signal Booster,8878.4,32,515.52,0.22000000000000003,3.9,10,187.5,0.05806451612903226,91.08108108108108
"Wilson Jones 1"" Hanging DublLock Ring Binders",117.75,46,-8.550000000000004,0.5,4.0,10,-33.8,-0.0726114649681529,99.08108108108108
Wilson Jones 14 Line Acrylic Coated Pressboard Data Binders,100.39,23,35.300000000000004,0.175,4.75,4,0.0,0.35162864827174023,10.162162162162158
Wilson Jones Active Use Binders,115.03,21,37.04,0.3,4.166666666666667,6,7.11,0.3220029557506737,95.13513513513514
Wilson Jones Century Plastic Molded Ring Binders,583.64,48,55.24,0.37,3.0,10,251.53,0.09464738537454596,79.35135135135135
"Wilson Jones Clip & Carry Folder Binder Tool for Ring Binders, Clear",191.98,47,50.23,0.2888888888888889,5.0,9,-3.21,0.2616418376914262,50.108108108108105
Wilson Jones Custom Binder Spines & Labels,41.35,22,-19.689999999999998,0.6285714285714284,4.0,7,0.0,-0.4761789600967351,50.486486486486484
Wilson Jones DublLock D-Ring Binders,35.78,6,15.53,0.35,2.0,2,0.0,0.43404136389044157,9.459459459459463
Wilson Jones Easy Flow II Sheet Lifters,51.480000000000004,49,5.62,0.38333333333333336,3.9166666666666665,12,245.0,0.10916860916860917,80.10810810810811
"Wilson Jones Elliptical Ring 3 1/2"" Capacity Binders, 800 sheets",834.6,42,-82.15,0.5125,4.375,8,-50.0,-0.09843038581356339,74.0
Wilson Jones Four-Pocket Poly Binders,62.13,17,5.430000000000001,0.425,3.0,4,0.0,0.08739739256397876,12.891891891891893
Wilson Jones Hanging Recycled Pressboard Data Binders,32.64,4,1.7800000000000002,0.44999999999999996,3.0,2,0.0,0.054534313725490204,21.189189189189182
"Wilson Jones Hanging View Binder, White, 1""",143.42,23,55.230000000000004,0.1142857142857143,3.0,7,-68.42,0.3850927346255753,89.62162162162161
Wilson Jones Heavy-Duty Casebound Ring Binders with Metal Hinges,554.24,22,157.96,0.3,3.6666666666666665,6,0.0,0.2850028868360277,74.7027027027027
Wilson Jones Impact Binders,134.67999999999998,42,23.72,0.3888888888888889,4.444444444444445,9,421.86,0.17612117612117614,53.51351351351351
Wilson Jones International Size A4 Ring Binders,174.73000000000002,18,12.809999999999997,0.37142857142857144,4.0,7,-73.44,0.07331311165798658,44.432432432432435
Wilson Jones Leather-Like Binders with DublLock Round Rings,238.33,46,25.490000000000002,0.35000000000000003,4.416666666666667,12,-31.52,0.10695254479083624,88.16216216216216
"Wilson Jones Ledger-Size, Piano-Hinge Binder, 2"", Blue",1217.1,47,215.55,0.3666666666666667,4.0,12,153.33,0.17710130638402763,94.21621621621622
Wilson Jones Legal Size Ring Binders,532.16,44,48.390000000000015,0.4222222222222222,4.777777777777778,9,0.0,0.0909312988574865,38.486486486486484
Wilson Jones Standard D-Ring Binders,96.65,26,26.91,0.32499999999999996,4.5,8,-57.98,0.27842731505431967,89.8918918918919
Wilson Jones Suede Grain Vinyl Binders,16.4,8,5.0600000000000005,0.2333333333333333,3.0,3,0.0,0.3085365853658537,14.000000000000002
Wilson Jones Turn Tabs Binder Tool for Ring Binders,212.07,59,58.51,0.2692307692307692,4.6923076923076925,13,-56.81,0.27589946715707075,49.72972972972973
Wilson Jones data.warehouse D-Ring Binders with DublLock,66.67,12,15.31,0.4,5.0,5,-81.25,0.2296385180740963,88.43243243243244
Wilson Jones “Snap” Scratch Pad Binder Tool for Ring Binders,100.92,22,30.739999999999995,0.2,4.6,5,-32.0,0.30459770114942525,61.891891891891895
Wilson SignalBoost 841262 DB PRO Amplifier Kit,5327.26,17,1043.84,0.16666666666666666,4.333333333333333,6,350.0,0.19594313023956028,89.78378378378379
"Wirebound Four 2-3/4 x 5 Forms per Page, 400 Sets per Book",119.97,22,47.59,0.13333333333333333,4.166666666666667,6,-30.43,0.3966825039593232,61.4054054054054
"Wirebound Message Book, 4 per Page",184.62,35,87.69,0.028571428571428574,3.4285714285714284,7,0.0,0.47497562560935974,25.945945945945947
"Wirebound Message Books, 2 7/8"" x 5"", 3 Forms per Page",108.42,17,44.99,0.06666666666666667,3.6666666666666665,3,40.61,0.4149603394207711,34.32432432432433
"Wirebound Message Books, 5-1/2 x 4 Forms, 2 or 4 Forms per Page",72.25999999999999,12,31.310000000000002,0.13333333333333333,5.666666666666667,3,0.0,0.4332964295599226,37.29729729729729
"Wirebound Message Books, Four 2 3/4 x 5 Forms per Page, 200 Sets per Book",115.44,26,47.22,0.06666666666666667,3.8333333333333335,6,100.0,0.409043659043659,43.83783783783783
"Wirebound Message Books, Four 2 3/4 x 5 White Forms per Page",218.09,34,95.27,0.028571428571428574,4.0,7,-61.16,0.4368380026594525,43.78378378378378
"Wirebound Message Books, Four 2 3/4"" x 5"" Forms per Page, 600 Sets per Book",246.57999999999998,28,108.99000000000001,0.044444444444444446,3.7777777777777777,9,-58.07,0.4420066509854815,86.05405405405405
"Wirebound Message Books, Two 4 1/4"" x 5"" Forms per Page",109.58,15,49.09,0.03333333333333333,4.333333333333333,6,300.0,0.44798320861471075,89.94594594594595
"Wirebound Message Forms, Four 2 3/4 x 5 Forms per Page, Pink Paper",35.95,5,14.3,0.1,4.0,2,0.0,0.39777468706536856,4.540540540540539
"Wirebound Service Call Books, 5 1/2"" x 4""",125.84,13,60.4,0.0,4.2,5,-50.0,0.47997457088366174,67.08108108108108
Wirebound Voice Message Log Book,15.23,4,4.95,0.2,2.0,2,0.0,0.3250164149704531,19.513513513513516
Wireless Extenders zBoost YX545 SOHO Signal Booster,4044.3900000000003,24,733.28,0.14285714285714285,4.571428571428571,7,0.0,0.1813079351892374,54.16216216216216
Woodgrain Magazine Files by Perma,69.14,24,2.63,0.06666666666666667,4.666666666666667,6,-88.23,0.03803876193231125,55.13513513513513
X-Rack File for Hanging Folders,318.38,30,67.74,0.044444444444444446,4.0,9,72.5,0.21276462089327217,75.24324324324324
Xblue XB-1670-86 X16 Small Office Telephone - Titanium,604.75,5,132.29,0.1,4.5,2,0.0,0.21875155022736667,13.297297297297295
Xerox 188,213.2,20,97.54,0.05,4.125,8,700.0,0.45750469043151976,46.54054054054054
Xerox 1880,623.74,18,285.65,0.04,4.4,5,-84.0,0.4579632539199025,48.108108108108105
Xerox 1881,405.24,34,183.94,0.03636363636363637,4.454545454545454,11,-16.67,0.4539038594413187,67.62162162162161
Xerox 1882,615.78,12,273.18,0.12000000000000002,4.8,5,18.75,0.4436324661405048,80.8108108108108
Xerox 1883,881.0999999999999,37,354.01,0.05714285714285715,3.4285714285714284,7,80.0,0.4017818635796164,38.86486486486487
Xerox 1884,543.46,32,204.57999999999998,0.1,4.375,8,820.02,0.3764398483789055,86.64864864864865
Xerox 1885,960.8,20,461.20000000000005,0.0,5.6,5,150.0,0.4800166527893423,81.4054054054054
Xerox 1886,651.4399999999999,14,302.73,0.04,3.8,5,-50.0,0.46470895247451804,71.67567567567568
Xerox 1887,512.2,30,216.26,0.1,3.125,8,533.27,0.4222178836392034,83.62162162162163
Xerox 1888,1231.6599999999999,24,539.26,0.06666666666666667,3.6666666666666665,6,0.0,0.43783186918467765,24.702702702702705
Xerox 1889,516.62,10,236.33,0.06666666666666667,4.0,3,0.0,0.45745422167163485,59.89189189189189
Xerox 189,1782.4499999999998,19,746.53,0.06666666666666667,3.6666666666666665,6,0.0,0.4188224073606553,48.27027027027027
Xerox 1890,244.7,5,122.35,0.0,5.0,2,0.0,0.5,32.7027027027027
Xerox 1891,1320.57,30,542.92,0.05714285714285715,4.0,7,680.0,0.4111254988376231,56.10810810810811
Xerox 1892,178.3,5,79.46,0.1,4.0,2,0.0,0.4456533931575995,28.000000000000004
Xerox 1893,1434.65,39,619.37,0.09090909090909091,4.2727272727272725,11,102.5,0.4317220227930157,70.27027027027026
Xerox 1894,169.78,27,78.78999999999999,0.08,2.0,5,687.37,0.4640711509011662,48.432432432432435
Xerox 1895,191.36,33,82.82,0.05714285714285715,4.142857142857143,7,50.0,0.43279682274247483,96.16216216216216
Xerox 1896,49.95,5,22.48,0.0,2.5,2,0.0,0.45005005005005005,32.7027027027027
Xerox 1897,67.73,16,27.09,0.15000000000000002,3.0,4,0.0,0.3999704709877454,56.86486486486486
Xerox 1898,280.56,46,120.75,0.07272727272727274,2.6363636363636362,11,-70.83,0.43038922155688625,61.51351351351351
Xerox 1899,69.37,14,28.07,0.12000000000000002,3.4,5,12.49,0.40464177598385465,98.75675675675676
Xerox 19,415.13,15,159.53,0.1,3.5,4,3.57,0.38428925878640424,63.35135135135135
Xerox 190,29.88,6,14.04,0.0,3.5,2,0.0,0.46987951807228917,13.540540540540535
Xerox 1900,105.28999999999999,26,44.08,0.08571428571428573,4.142857142857143,7,-79.32,0.41865324342292715,81.78378378378378
Xerox 1901,16.9,4,5.28,0.2,2.0,1,0.0,0.3124260355029586,4.540540540540539
Xerox 1902,82.22,4,32.89,0.1,2.5,2,0.0,0.4000243249817563,36.5945945945946
Xerox 1903,138.74,24,65.53999999999999,0.03333333333333333,4.5,6,0.0,0.4723944068040939,24.432432432432428
Xerox 1905,146.45,23,68.94,0.04,4.4,5,427.73,0.47074086719016733,13.027027027027028
Xerox 1906,1098.6399999999999,32,497.58,0.05714285714285715,4.0,7,446.67,0.45290541032549336,68.54054054054053
Xerox 1907,122.8,10,57.72,0.0,4.666666666666667,3,50.0,0.4700325732899023,32.7027027027027
Xerox 1908,1712.99,32,799.39,0.028571428571428574,3.7142857142857144,7,136.84,0.4666635532022954,50.37837837837837
Xerox 1909,970.78,40,400.97,0.08888888888888889,4.444444444444445,9,134.28,0.41303899956735823,68.0
Xerox 191,767.23,39,354.23,0.02,2.5,10,646.66,0.4616998813914993,45.83783783783784
Xerox 1910,586.0899999999999,14,236.36,0.12000000000000002,3.8,5,5.26,0.4032827722704705,81.45945945945947
Xerox 1911,603.54,13,279.74,0.04,3.6,5,-68.75,0.46349869105610236,18.43243243243243
Xerox 1912,201.07999999999998,11,92.57,0.05,2.5,4,25.01,0.4603640342152377,85.51351351351352
Xerox 1913,865.49,17,375.03999999999996,0.04,3.6,5,0.0,0.43332678598250696,25.135135135135133
Xerox 1914,956.3000000000001,19,423.74,0.08,4.2,5,-50.0,0.4431036285684408,51.08108108108108
Xerox 1915,2789.0099999999998,28,1262.4,0.044444444444444446,4.0,9,14.0,0.4526337302483678,70.05405405405405
Xerox 1916,831.97,20,342.57,0.14285714285714285,3.2857142857142856,7,800.03,0.41175763549166433,64.4864864864865
Xerox 1917,1222.75,25,574.6899999999999,0.0,4.4,5,0.0,0.4699979554283377,53.78378378378379
Xerox 1918,155.04,4,75.97,0.0,4.0,1,0.0,0.4900025799793602,4.540540540540539
Xerox 1919,1565.81,40,729.64,0.044444444444444446,4.111111111111111,9,553.33,0.4659824627509085,69.89189189189189
Xerox 192,142.56,22,68.42,0.0,4.333333333333333,6,-55.56,0.4799382716049383,93.1891891891892
Xerox 1920,89.7,15,40.36,0.0,2.25,4,0.0,0.4499442586399108,20.72972972972973
Xerox 1921,55.94,7,17.47,0.20000000000000004,2.3333333333333335,3,0.0,0.31229889166964603,76.16216216216216
Xerox 1922,11.95,3,4.33,0.2,5.0,1,0.0,0.36234309623430966,4.540540540540539
Xerox 1923,94.85999999999999,16,39.28,0.08,2.6,5,-13.32,0.4140839131351466,94.54054054054055
Xerox 1924,60.1,12,24.75,0.15000000000000002,3.75,4,1000.87,0.41181364392678865,13.243243243243242
Xerox 1925,489.48,18,182.76,0.10000000000000002,2.1666666666666665,6,-71.43,0.3733758274086786,56.54054054054054
Xerox 1926,34.86,7,16.38,0.0,4.0,1,0.0,0.4698795180722891,4.540540540540539
Xerox 1927,65.05,18,22.689999999999998,0.12000000000000002,3.6,5,0.0,0.34880860876249037,22.91891891891892
Xerox 1928,124.61,26,49.1,0.1,3.5,4,-82.22,0.3940293716395153,46.97297297297297
Xerox 1929,351.74,16,154.4,0.05,4.5,4,0.0,0.43896059589469494,42.7027027027027
Xerox 193,77.74000000000001,13,38.089999999999996,0.0,4.333333333333333,3,0.0,0.4899665551839464,24.216216216216214
Xerox 1930,138.67000000000002,24,59.37,0.12000000000000002,4.4,5,824.78,0.42813874666474355,28.86486486486487
Xerox 1931,209.95,36,88.64,0.07500000000000001,3.875,8,20.0,0.4221957608954513,99.29729729729729
Xerox 1932,85.06,3,28.71,0.2,5.0,1,0.0,0.3375264519162944,4.540540540540539
Xerox 1933,294.72,24,138.52,0.0,3.6,5,20.0,0.47000542888165037,58.432432432432435
Xerox 1934,1097.21,20,526.21,0.04,4.6,5,230.0,0.4795891397271261,49.24324324324324
Xerox 1935,538.15,21,239.0,0.05,2.75,4,9.38,0.44411409458329465,82.05405405405406
Xerox 1936,155.84,9,60.53,0.13333333333333333,2.0,3,0.0,0.3884111909650924,31.2972972972973
Xerox 1937,499.61,12,199.83999999999997,0.15000000000000002,3.5,4,250.01,0.39999199375512895,55.8918918918919
Xerox 1938,268.24,7,93.88,0.2,4.0,1,0.0,0.3499850879809126,4.540540540540539
Xerox 1939,417.34,22,200.33,0.0,3.2,5,240.0,0.48001629366943027,18.000000000000004
Xerox 194,443.84,9,184.19,0.1,4.75,4,-73.34,0.41499188896899786,52.054054054054056
Xerox 1940,615.55,12,279.19,0.05,2.25,4,0.0,0.4535618552514012,14.648648648648644
Xerox 1941,1740.51,19,704.59,0.16,2.6,5,0.0,0.4048181280199482,47.45945945945947
Xerox 1942,597.06,13,278.95,0.06666666666666667,2.8333333333333335,6,115.39,0.4672059759488159,69.83783783783784
Xerox 1943,743.43,16,328.67,0.05,3.75,4,-80.39,0.4420994579180286,36.54054054054055
Xerox 1944,573.65,16,257.36,0.10000000000000002,4.833333333333333,6,0.0,0.4486359278305587,81.89189189189189
Xerox 1945,1696.98,45,756.29,0.05,3.875,8,-25.88,0.44566818701457883,86.86486486486487
Xerox 1946,79.06,13,35.25,0.06666666666666667,4.666666666666667,3,-71.43,0.445863900834809,52.32432432432432
Xerox 1947,136.35,25,54.11,0.08,4.8,5,337.41,0.39684635130179685,46.48648648648649
Xerox 1948,149.85000000000002,15,67.43,0.0,4.0,3,0.0,0.4499833166499833,71.0
Xerox 1949,114.55,28,43.43,0.15000000000000002,3.875,8,460.04,0.37913574858140553,75.1891891891892
Xerox 195,164.32999999999998,27,70.53999999999999,0.125,4.375,8,126.65,0.4292581999634881,47.027027027027025
Xerox 1950,49.71,9,23.17,0.06666666666666667,5.0,3,-19.98,0.46610339971836656,52.0
Xerox 1951,755.91,30,244.72,0.16666666666666666,4.5,6,174.98,0.32374224444709027,69.24324324324324
Xerox 1952,97.61,20,44.82,0.05,4.25,4,24.97,0.45917426493187175,43.02702702702703
Xerox 1953,47.08,12,18.84,0.1,4.5,4,0.0,0.4001699235344095,37.945945945945944
Xerox 1954,84.48,18,32.21,0.1,4.5,4,0.0,0.38127367424242425,11.32432432432432
Xerox 1955,182.72,10,59.38,0.2,3.5,2,0.0,0.3249781085814361,40.67567567567567
Xerox 1956,89.7,16,40.9,0.1,5.5,2,0.0,0.4559643255295429,20.72972972972973
Xerox 1957,95.9,17,39.73,0.10000000000000002,5.0,6,0.0,0.4142857142857142,71.94594594594594
Xerox 1958,32.400000000000006,5,15.55,0.0,3.0,2,-33.33,0.4799382716049382,32.7027027027027
Xerox 1959,133.6,21,60.65,0.06666666666666667,3.8333333333333335,6,-63.64,0.45396706586826346,56.648648648648646
Xerox 196,92.48,18,39.41,0.1,4.0,8,-67.93,0.42614619377162627,41.24324324324324
Xerox 1960,879.8299999999999,32,334.58,0.10000000000000002,3.5,6,-42.31,0.3802780082515941,68.05405405405405
Xerox 1962,109.57,28,43.650000000000006,0.05714285714285715,3.5714285714285716,7,-16.67,0.3983754677375195,81.02702702702702
Xerox 1963,77.09,17,27.72,0.13333333333333333,3.0,3,0.0,0.3595797120249059,51.40540540540541
Xerox 1964,676.06,31,293.72,0.05,3.5,4,0.0,0.4344584800165667,22.05405405405405
Xerox 1965,56.21,10,25.71,0.05,3.5,4,0.0,0.4573919231453478,17.081081081081084
Xerox 1966,79.05,14,32.8,0.10000000000000002,3.1666666666666665,6,219.98,0.41492726122707146,58.48648648648649
Xerox 1967,89.42,15,38.870000000000005,0.08,3.2,5,0.0,0.4346902259002461,57.243243243243235
Xerox 1968,165.66,26,75.35,0.08,3.0,5,2902.25,0.4548472775564409,9.189189189189184
Xerox 1969,11.56,2,5.66,0.0,6.0,1,0.0,0.48961937716262977,4.540540540540539
Xerox 197,501.88,18,195.16,0.06666666666666667,4.333333333333333,3,0.0,0.38885789431736667,73.35135135135135
Xerox 1970,101.59,22,43.51,0.06666666666666667,4.833333333333333,6,108.37,0.42829018604193325,94.5945945945946
Xerox 1971,113.84,28,47.93,0.10000000000000002,4.166666666666667,6,83.35,0.4210295151089248,86.54054054054055
Xerox 1972,46.47,10,17.42,0.12000000000000002,4.2,5,100.0,0.37486550462664087,67.29729729729729
Xerox 1973,169.02,8,70.35,0.1,3.0,2,0.0,0.41622293219737305,0.432432432432428
Xerox 1974,57.410000000000004,10,26.910000000000004,0.05,3.75,4,0.0,0.4687336700923184,30.37837837837838
Xerox 1975,69.98,12,30.33,0.08,4.8,5,45.46,0.43340954558445266,33.56756756756757
Xerox 1976,36.29,7,12.7,0.2,3.0,2,0.0,0.349958666299256,35.24324324324324
Xerox 1977,130.93,20,61.45,0.03333333333333333,4.166666666666667,6,230.01,0.4693347590315436,49.29729729729729
Xerox 1978,174.56,34,74.33,0.1,4.75,8,-65.52,0.4258134738771769,84.43243243243244
Xerox 1979,328.39,11,140.95,0.06666666666666667,2.3333333333333335,3,0.0,0.4292152623405097,62.27027027027028
Xerox 198,75.7,16,33.47,0.06666666666666667,2.3333333333333335,3,0.0,0.4421400264200792,16.972972972972975
Xerox 1980,34.24,8,15.41,0.0,5.5,2,0.0,0.45005841121495327,4.540540540540539
Xerox 1981,70.75,14,30.09,0.05,3.25,4,0.0,0.4253003533568905,59.78378378378378
Xerox 1982,237.54000000000002,12,89.53,0.06666666666666667,4.666666666666667,3,320.01,0.37690494232550303,15.459459459459456
Xerox 1983,29.900000000000002,5,14.65,0.0,5.0,2,0.0,0.48996655518394644,15.972972972972975
Xerox 1984,12.96,2,6.35,0.0,0.0,1,0.0,0.4899691358024691,4.540540540540539
Xerox 1985,25.92,5,9.07,0.2,3.5,2,0.0,0.3499228395061728,4.540540540540539
Xerox 1986,85.5,13,40.35,0.05,1.5,4,0.0,0.47192982456140353,18.37837837837838
Xerox 1987,92.48,16,45.309999999999995,0.0,5.0,4,-57.14,0.4899437716262975,68.16216216216216
Xerox 1988,1102.8899999999999,41,404.25,0.1111111111111111,4.777777777777778,9,110.0,0.36653700731713956,87.13513513513513
Xerox 1989,7.97,2,2.69,0.2,0.0,1,0.0,0.33751568381430364,0.432432432432428
Xerox 199,57.35,16,19.69,0.15000000000000002,4.0,4,-88.9,0.34333042720139495,66.64864864864866
Xerox 1990,36.96,8,13.73,0.1,3.0,2,0.0,0.37148268398268397,35.432432432432435
Xerox 1991,575.5699999999999,26,254.89999999999998,0.06666666666666667,5.0,6,-50.91,0.44286533349549145,71.45945945945947
Xerox 1992,86.11000000000001,15,40.36,0.05,4.0,4,0.0,0.46870282197189633,16.648648648648646
Xerox 1993,147.74,24,68.44,0.07500000000000001,4.0,8,-66.21,0.4632462434005685,42.37837837837838
Xerox 1994,76.46000000000001,13,32.65,0.1,2.25,4,0.0,0.42702066439968606,68.75675675675677
Xerox 1995,121.82000000000001,22,47.69,0.10000000000000002,4.166666666666667,6,139.97,0.3914792316532589,28.810810810810818
Xerox 1996,176.26,28,81.9,0.025,2.625,8,264.01,0.4646544876886418,38.43243243243243
Xerox 1997,178.85,30,77.76,0.05,3.75,8,669.98,0.4347777467151244,47.08108108108108
Xerox 1998,46.66,9,16.33,0.2,4.5,2,0.0,0.34997856836690955,4.540540540540539
Xerox 1999,98.49000000000001,17,41.2,0.08571428571428573,4.714285714285714,7,0.0,0.4183165803634887,53.675675675675684
Xerox 2,137.37,25,53.12,0.15555555555555556,4.222222222222222,9,266.69,0.38669287326199314,88.27027027027027
Xerox 20,6.48,1,3.11,0.0,4.0,1,0.0,0.47993827160493824,4.540540540540539
Xerox 200,84.24000000000001,15,33.69,0.12000000000000002,3.4,5,-31.81,0.3999287749287749,94.75675675675676
Xerox 2000,84.24000000000001,14,37.06,0.08,5.4,5,0.0,0.4399335232668566,18.97297297297297
Xerox 201,110.16,19,46.14,0.08,4.8,5,3.13,0.4188453159041394,75.89189189189189
Xerox 202,171.07,28,76.71000000000001,0.05,4.0,8,-90.2,0.4484129303793769,19.081081081081088
Xerox 203,143.85,24,62.980000000000004,0.06666666666666667,5.5,6,0.0,0.43781717066388603,36.432432432432435
Xerox 204,110.16,17,52.87,0.0,5.75,4,0.0,0.47993827160493824,56.78378378378378
Xerox 205,150.34,24,69.46,0.05,3.25,4,0.0,0.4620194226420114,31.62162162162162
Xerox 206,60.91,11,23.84,0.16,3.8,5,-55.56,0.39139714332621905,52.54054054054053
Xerox 207,40.18,7,16.59,0.1,5.0,2,0.0,0.41289198606271776,39.83783783783784
Xerox 208,54.43000000000001,9,24.1,0.1,6.5,2,0.0,0.4427705309571927,22.21621621621621
Xerox 209,187.92000000000002,29,90.19,0.0,2.4,5,87.5,0.47993827160493824,69.02702702702703
Xerox 21,124.42,24,43.54,0.2,3.4285714285714284,7,0.0,0.34994373894872205,38.27027027027027
Xerox 210,95.9,18,35.25,0.16666666666666666,2.8333333333333335,6,100.0,0.367570385818561,97.02702702702702
Xerox 211,104.97,19,40.96,0.1,5.5,4,0.0,0.3902067257311613,79.4054054054054
Xerox 212,141.27,25,57.019999999999996,0.1142857142857143,2.5714285714285716,7,-16.67,0.40362426559071274,78.64864864864865
Xerox 213,111.46,18,50.8,0.06666666666666667,3.3333333333333335,6,230.02,0.45576888569890545,84.75675675675676
Xerox 214,215.14000000000001,37,90.45,0.06666666666666668,4.111111111111111,9,-6.25,0.4204239100120851,98.27027027027026
Xerox 215,45.36,7,21.77,0.0,4.0,2,-25.0,0.4799382716049383,35.432432432432435
Xerox 216,238.46,42,96.94,0.125,3.125,8,-49.09,0.4065252033884089,98.32432432432432
Xerox 217,151.63,25,67.38000000000001,0.07500000000000001,4.125,8,-37.5,0.44437116665567505,70.8108108108108
Xerox 218,49.24,8,22.28,0.08,3.2,5,-60.03,0.4524776604386678,60.7027027027027
Xerox 219,97.2,15,46.65,0.0,4.5,4,0.0,0.47993827160493824,11.675675675675679
Xerox 22,75.17,13,31.36,0.06666666666666667,3.6666666666666665,3,86.68,0.41718770786217907,68.27027027027027
Xerox 220,145.15,25,60.91,0.1,3.75,8,0.0,0.4196348604891491,30.97297297297297
Xerox 221,80.35999999999999,14,33.18,0.1,3.0,4,720.06,0.4128919860627178,35.13513513513513
Xerox 222,134.79,22,60.650000000000006,0.08571428571428573,5.285714285714286,7,-6.06,0.4499591957860376,80.16216216216216
Xerox 223,58.32,9,27.990000000000002,0.0,5.0,3,0.0,0.4799382716049383,50.972972972972975
Xerox 224,95.91,17,38.62,0.10000000000000002,2.6666666666666665,6,0.0,0.40266916901261596,37.35135135135135
Xerox 225,197.0,33,85.78999999999999,0.06666666666666668,3.111111111111111,9,0.0,0.435482233502538,92.7027027027027
Xerox 226,334.37,53,155.76,0.03636363636363637,3.5454545454545454,11,-44.44,0.46583126476657594,93.02702702702703
Xerox 227,120.53,22,46.4,0.125,4.125,8,26.49,0.38496639840703556,65.62162162162161
Xerox 228,97.2,15,46.65,0.0,3.75,4,-37.5,0.47993827160493824,54.81081081081081
Xerox 229,85.53,15,34.99,0.13333333333333333,4.666666666666667,3,0.0,0.40909622354729336,38.16216216216216
Xerox 23,141.26,23,63.76,0.03333333333333333,3.6666666666666665,6,47.07,0.45136627495398557,77.51351351351352
Xerox 230,127.00999999999999,21,56.24,0.08,4.0,5,780.02,0.4427997795449178,10.378378378378383
Xerox 231,79.06,14,31.88,0.12000000000000002,3.8,5,1201.16,0.4032380470528712,12.75675675675676
Xerox 232,120.53,19,56.5,0.05,4.0,4,0.0,0.46876296357753255,25.243243243243242
Xerox 4200 Series MultiUse Premium Copy Paper (20Lb. and 84 Bright),139.38,30,52.28,0.07500000000000001,3.875,8,2139.77,0.37508968288133165,12.810810810810814
Xerox Blank Computer Paper,99.9,5,46.95,0.0,6.0,1,0.0,0.46996996996997,4.540540540540539
"Xerox Color Copier Paper, 11"" x 17"", Ream",593.84,27,260.83000000000004,0.03333333333333333,3.8333333333333335,6,-63.64,0.4392260541560017,90.32432432432432
Xerox WorkCentre 6505DN Laser Multifunction Printer,2519.96,7,-252.0,0.4,2.0,1,0.0,-0.10000158732678296,4.540540540540539
Xiaomi Mi3,2279.96,4,592.79,0.0,6.0,1,0.0,0.2600001754416744,4.540540540540539
"XtraLife ClearVue Slant-D Ring Binder, White, 3""",386.08,39,76.94,0.3,4.4,10,-56.13,0.19928512225445505,49.67567567567568
XtraLife ClearVue Slant-D Ring Binders by Cardinal,72.91,22,-13.330000000000002,0.5,3.0,5,-75.0,-0.18282814428747773,43.08108108108109
Zebra GK420t Direct Thermal/Thermal Transfer Printer,703.71,6,-938.28,0.7,1.0,1,0.0,-1.3333333333333333,4.540540540540539
Zebra GX420t Direct Thermal/Thermal Transfer Printer,5787.360000000001,14,509.71,0.3,4.0,3,0.0,0.08807297282353266,9.351351351351356
Zebra ZM400 Thermal Label Printer,6965.700000000001,6,3343.5299999999997,0.0,2.5,2,0.0,0.47999913863646143,4.540540540540539
Zebra Zazzle Fluorescent Highlighters,100.94,20,20.65,0.16666666666666666,3.6666666666666665,6,118.71,0.2045769764216366,69.78378378378378
Zipper Ring Binder Pockets,81.75,44,11.729999999999999,0.37692307692307686,4.230769230769231,13,289.61,0.14348623853211007,80.37837837837839
i.Sound Portable Power - 8000 mAh,413.31,9,-58.83,0.12000000000000002,3.4,5,-18.75,-0.14233868040937794,76.81081081081082
iHome FM Clock Radio with Lightning Dock,699.9,13,17.5,0.24000000000000005,3.4,5,1050.04,0.025003571938848407,9.837837837837837
"iKross Bluetooth Portable Keyboard + Cell Phone Stand Holder + Brush for Apple iPhone 5S 5C 5, 4S 4",477.66,24,115.64,0.08,5.0,5,-57.89,0.2420968890005443,56.16216216216217
iOttie HLCRIO102 Car Mount,215.89,12,-11.99,0.16,3.2,5,114.29,-0.05553754226689518,55.45945945945946
iOttie XL Car Mount,223.89,14,-50.370000000000005,0.2,2.0,2,0.0,-0.22497655098485866,4.540540540540539
invisibleSHIELD by ZAGG Smudge-Free Screen Protector,442.56,29,171.28,0.17142857142857146,5.142857142857143,7,26.67,0.38702096890817067,69.94594594594594
netTALK DUO VoIP Telephone Service,1112.79,26,430.41,0.17142857142857146,4.571428571428571,7,-55.56,0.3867845685169709,96.05405405405405
